theme,pathway,pval,padj,log2err,ES,NES,size,leadingEdge,collection,neglog10_padj,label
Neuronal,GOBP_POSTSYNAPTIC_ACTIN_CYTOSKELETON_ORGANIZATION,3.698735912725122e-7,2.475093956635608e-5,0.674962860011025,-0.8899414835353822,-2.2130563073763394,16,POTEF;POTEE;POTEJ;POTEI;MYH10;FARP1,C5:GO:BP,4.606408310235915,GOBP_POSTSYNAPTIC_ACTIN_CYTOSKELETON_ORGANIZATION
Neuronal,GOBP_POSTSYNAPTIC_CYTOSKELETON_ORGANIZATION,3.933916849498316e-7,2.625889497040126e-5,0.674962860011025,-0.8474757992961853,-2.181638897210624,19,POTEF;POTEE;POTEJ;POTEI;MYH10;FARP1,C5:GO:BP,4.580723553888379,GOBP_POSTSYNAPTIC_CYTOSKELETON_ORGANIZATION
Neuronal,GOMF_STRUCTURAL_CONSTITUENT_OF_POSTSYNAPSE,6.374352927759551e-6,2.9702482228827226e-4,0.610526878385931,-0.8403828627657552,-2.138217966572235,18,POTEF;POTEE;POTEJ;POTEI,C5:GO:MF,3.5272072552876237,GOMF_STRUCTURAL_CONSTITUENT_OF_POSTSYNAPSE
Neuronal,GOMF_STRUCTURAL_CONSTITUENT_OF_SYNAPSE,1.808587227089997e-5,7.261545708767357e-4,0.5756102610711286,-0.756881919467191,-2.120674211456285,26,POTEF;POTEE;POTEJ;POTEI,C5:GO:MF,3.1389709245703217,GOMF_STRUCTURAL_CONSTITUENT_OF_SYNAPSE
Neuronal,GOMF_VOLTAGE_GATED_POTASSIUM_CHANNEL_ACTIVITY,3.084683087426787e-5,0.00116001462583514,0.557332238758646,-0.5871279221286474,-1.9288306566679965,61,KCNS2;KCNMA1;KCNAB1;KCNN2;ABCC8;KCNJ8;KCNQ5;KCNH6;KCNIP2;KCNJ13;KCNQ4;KCNA6;KCNG3;KCNE4,C5:GO:MF,2.935536535014934,GOMF_VOLTAGE_GATED_POTASSIUM_CHANNEL_ACTIVITY
Neuronal,DESCARTES_MAIN_FETAL_NEUROENDOCRINE_CELLS,0.0011625487825745,0.02169239545358643,0.45505986738722953,-0.6591255680493218,-1.871021086614514,28,POTEJ;POTEI;TAS1R3;KLK14;ENTPD8;SLC26A5;KCNH6;RFX6;KLK12;VMAC,C8,1.6636924869516396,DESCARTES_MAIN_FETAL_NEUROENDOCRINE_CELLS
Neuronal,GOMF_VOLTAGE_GATED_MONOATOMIC_CATION_CHANNEL_ACTIVITY,8.940471945897791e-5,0.00287950061466189,0.5384340963099162,-0.5261519508126926,-1.8577466728691936,90,KCNS2;KCNMA1;KCNAB1;KCNN2;ABCC8;CACNA1H;KCNJ8;KCNQ5;KCNH6;KCNIP2;KCNJ13;TPCN2;KCNQ4;KCNA6;CATSPER2;KCNG3;KCNE4;CACNA1G;KCNG2;HVCN1;KCNQ3,C5:GO:MF,2.5406828244290085,GOMF_VOLTAGE_GATED_MONOATOMIC_CATION_CHANNEL_ACTIVITY
Neuronal,REACTOME_MECP2_REGULATES_NEURONAL_RECEPTORS_AND_CHANNELS,0.00218261978115478,0.03477085212221517,0.4317076958033464,-0.7660991981149481,-1.84408306836848,14,SLC2A3;FKBP5;TRPC3,C2:CP:REACTOME,1.4587846660196095,REACTOME_MECP2_REGULATES_NEURONAL_RECEPTORS_AND_CHANNELS
Neuronal,GOMF_LIGAND_GATED_MONOATOMIC_CATION_CHANNEL_ACTIVITY,2.4346856799764015e-4,0.0064941166488881,0.5188480777437918,-0.5178921634265662,-1.8277692045525884,88,KCNMA1;BEST2;KCNN2;ABCC8;CHRNA4;TRPC3;KCNJ8;P2RX2;CHRNA1;KCNH6;KCNJ13;TPCN2;CHRNA2;SCNN1B;P2RX6;CATSPER2;RYR2;SCNN1G;ZACN;ITPR1;ITPR3;CNGB3;KCNMB3,C5:GO:MF,2.187479914737822,GOMF_LIGAND_GATED_MONOATOMIC_CATION_CHANNEL_ACTIVITY
Neuronal,GSE16450_IMMATURE_VS_MATURE_NEURON_CELL_LINE_UP,2.873924033620435e-5,0.0010899683479782,0.5756102610711286,-0.4613341826900729,-1.7860415549954065,170,GRAP;RIPOR2;ZBTB20;MALAT1;HECTD4;RNF103;PIAS1;NF1;ANXA2R-AS1;HERC1;PDCD4;SPDYE1;ITGA6;FBXO32;ATXN7L1;C16orf54;LAPTM5;ZFP36L2;TSC22D1;FOXO3;RASGRP1;TNRC6B;HACD4;ZNF394;WHAMM;ANKRD36B;SETD1B;ATM;SYNE2;TECPR1;LINC02481;NLRC5;VPS13C;NLRP1;MED13L;KLF3;IFNAR2;ATXN7;PRRC2B;GOLGB1;KANSL1;GPR18;NDRG1;SUN2;FBXL20;ITFG2;ZFYVE1;RABGAP1L;HBP1;EPHA4;SERINC5;CREBRF;TSC1;UTRN;GSN;PDK3;NKTR;SH3BP5-AS1;ZSCAN2;TANC2;MBP;AQP3;BTN3A1;STK17B;STAG3L1;ACCS;GLIPR1;SYTL2;NR1D2;PNRC1;AKAP13;MLXIP,C7:IMMUNESIGDB,2.9625861135254303,GSE16450_IMMATURE_VS_MATURE_NEURON_CELL_LINE_UP
Neuronal,GOBP_AXON_ENSHEATHMENT_IN_CENTRAL_NERVOUS_SYSTEM,0.00248342814221009,0.03812803784436009,0.4317076958033464,-0.6802622287561,-1.776735098656748,20,PLP1;SOX10;CCDC39;CNTNAP1;GPM6B;FA2H,C5:GO:BP,1.4187555439341328,GOBP_AXON_ENSHEATHMENT_IN_CENTRAL_NERVOUS_SYSTEM
Neuronal,GOBP_POSTSYNAPSE_ORGANIZATION,8.296350578893398e-6,3.7042234190042423e-4,0.5933254763964051,-0.4482587522368098,-1.7761049251631682,213,POTEF;POTEE;NRCAM;POTEJ;POTEI;CUX2;CNKSR2;LRRTM2;LRRC4;IGF1R;CDC42;MAP1B;DOCK4;GHRL;RELN;MYH10;LAMA1;FARP1;NF1;DLG5;C1QL3;PAK3;LAMA5;DISC1;RPS6KA5,C5:GO:BP,3.4313028268728027,GOBP_POSTSYNAPSE_ORGANIZATION
Neuronal,GOBP_NEGATIVE_REGULATION_OF_DENDRITIC_SPINE_DEVELOPMENT,0.00235648534535066,0.03675126093508343,0.4317076958033464,0.7764248591761277,1.7482534858970389,10,APOE;NGEF;FSTL4;DTNBP1;PTPRS;GRIN3A,C5:GO:BP,1.434727755688513,GOBP_NEGATIVE_REGULATION_OF_DENDRITIC_SPINE_DEVELOPMENT
Neuronal,GOBP_REGULATION_OF_GLUTAMATE_RECEPTOR_SIGNALING_PATHWAY,0.00186039376140101,0.03089086656057655,0.45505986738722953,0.7820392103842279,1.760895158757728,10,CX3CL1;ADRB2;IFNGR2;FOLH1;EPHB2;FRRS1L;PRNP,C5:GO:BP,1.5101699085584412,GOBP_REGULATION_OF_GLUTAMATE_RECEPTOR_SIGNALING_PATHWAY
Neuronal,HP_ABNORMAL_BRAINSTEM_MRI_SIGNAL_INTENSITY,0.00191945388081057,0.03155752377933635,0.45505986738722953,0.5645498097611781,1.7939600856385216,41,NDUFS4;NDUFB11;MT-ND1;NDUFB10;NDUFB3;NDUFB9;MTRFR;NDUFS6;NDUFAF3;NDUFAF8;NDUFA1;NDUFS8;NDUFA6;ETHE1;NDUFA11;MT-ND2;TMEM126B;MT-ND3;NDUFS3;NDUFAF2;NDUFV1,C5:HPO,1.5008970818618914,HP_ABNORMAL_BRAINSTEM_MRI_SIGNAL_INTENSITY
Neuronal,HP_FOCAL_T2_HYPERINTENSE_BRAINSTEM_LESION,0.00103806989167627,0.02002634834375475,0.45505986738722953,0.5889894781029215,1.81274518282911,35,NDUFS4;NDUFB11;MT-ND1;NDUFB10;NDUFB3;NDUFB9;NDUFS6;NDUFAF3;NDUFAF8;NDUFA1;NDUFS8;NDUFA6;NDUFA11;MT-ND2;TMEM126B;MT-ND3;NDUFS3;NDUFAF2;NDUFV1,C5:HPO,1.6983982338684984,HP_FOCAL_T2_HYPERINTENSE_BRAINSTEM_LESION
Neuronal,HAY_BONE_MARROW_DENDRITIC_CELL,9.896184556879968e-6,4.3104099130292846e-4,0.5933254763964051,0.4762217465210176,1.8414551427940111,137,C12orf75;HLA-DMB;HLA-DQB1;VEGFB;DNAJC4;TNFRSF21;OSTC;ALDH2;SH3BP4;SHD;HLA-DPB1;PHEX;SEC61B;BRK1;PKIB;TGFBI;CIB2;CRIP3;ENHO;CLIC2;PTMS;CST3;TPM2;PLP2;SCAMP5;SNX3;TXN;CRYM;PARK7;SLC4A3;PPP1R14B;PRXL2A;ERCC1;SEC61G;PPM1J;UPK3A;SPCS1;TMEM210;PTPRS;AP3S1,C8,3.3654814271706925,HAY_BONE_MARROW_DENDRITIC_CELL
Neuronal,HP_ABNORMAL_BRAIN_LACTATE_LEVEL_BY_MRS,4.7705214188654754e-4,0.01111456560939862,0.49849310876659025,0.580119048259972,1.8679786475573752,43,MT-CO3;MT-ND1;NFU1;LYRM4;MTRFR;MT-CO1;ECHS1;MT-CO2;MECR;COX16;HSD17B10;MRPS34;KARS1;NDUFB7;GCSH;SV2A;SDHB;MT-ND4;MT-ND6;MRPL39;SUCLG1,C5:HPO,1.9541075061658626,HP_ABNORMAL_BRAIN_LACTATE_LEVEL_BY_MRS
Neuronal,TRAVAGLINI_LUNG_TREM2_DENDRITIC_CELL,4.0323884935789656e-12,5.607540248883248e-10,0.8870749883998732,0.4254027319376848,1.9020563520831872,477,FCGRT;HLA-DMB;HLA-DQB1;GMPR;DPYSL2;PPIC;PAPSS1;VAMP5;ZNF385A;S100A6;ALDH2;FABP5;HLA-DPB1;NPC2;ABCC3;ATP5PD;AGPAT2;NDUFA12;PLEKHO1;PDLIM1;FTL;APOE;TGFBI;ELOB;TMSB10;CRIP1;PRDX1;TMEM147;GPX4;LYSET;MGLL;EPHX1;COPRS;G0S2;CLIC2;NDUFB9;VKORC1;PTMS;SMCO4;VOPP1;A2M;RNF130;HLA-DQB2;RPS27L;CST3;ATP6V1D;NPL;TMEM51;MGST3;CISD2;RAB13;TXN;PRCP;SERF2;PCBD1;TNS1;DYNLL1;COL6A1;SDC2;CD59;ATOX1;VDAC1;SMIM30;POMP;YBX1;EIF4EBP1;LGALS1;ECHS1;NTAN1;NDUFS8;PRXL2A;NUPR1;RTN4;GRINA;DUSP23;HNMT;CXCL16;ATP6V0E1;HSPB1;SCD;ATP6V1F;S100A13;DPP7;MGST2;CD81;PPT1;CHCHD6;GSTO1;VAMP8;COL6A2;RHEB;BRI3;PSMB6;NAA20;BLOC1S1;PSME2;FDX1;COX5B;COX5A;SNX10;QPCT;CD63;AP2S1;TMEM70;ATP6V0D1;PRDX4;NDUFB2;CSTB;TMEM14C;CLTA;GABARAP;RHOA;NME1;ENO1;PSMB5;ACOT7;MRAS;ACOT13;ACAA2;CYC1;GLUL;NDUFS3;SLC25A5;LTA4H;PGD;MICOS13;ANXA2;HSPE1;GPNMB;TMEM205;RGCC;SDHB;JPT1;BCAP31;GLIPR2;NANS;CAPG;PHLDA3;PCK2;S100A11;TXNDC17;CIAO2A;DNASE2;UBE2E2;RBP4;PSMB1;SYNGR2;ZFAND5;EMC7;PEPD;MCOLN1;YWHAH;VPS29;GM2A;LAMTOR2;COMT;CD44;CHCHD10;PLBD1;ATP6AP1;RNF149;CTSH;TIMM8B;SPG21;CBR1;GUSB;HYAL2;DDRGK1;C5AR1;MAFB;ATP6V0B;PFKP;AKR1A1;PSMA7;CPM;PSMB3;UROD;HSD3B7;UQCRC1;CFD;PTPMT1;HEBP1;NDUFAB1;APOC1;RRAS;NOP10;MTCH2;ANXA5;ISCU;PSMD8;SLC31A2,C8,9.251227600526063,TRAVAGLINI_LUNG_TREM2_DENDRITIC_CELL
Neuronal,DURANTE_ADULT_OLFACTORY_NEUROEPITHELIUM_FIBROBLASTS_STROMAL_CELLS,6.552560644019495e-6,3.0426672903534e-4,0.610526878385931,0.5738176089243141,2.0040287084531587,71,CLDN11;HGF;CRABP2;CSRP2;PCOLCE;FBLN1;BGN;INMT;TGM2;MGP;TGFBI;IFITM3;CLEC11A;ACTA2;TPM2;TIMP1;THY1;GJA1;POSTN;AEBP1;GATA2;LGALS1;COL1A2;CCN1;PTN;ECM1;COL6A2;PGRMC1;CPE,C8,3.516745534287699,DURANTE_ADULT_OLFACTORY_NEUROEPITHELIUM_FIBROBLASTS_STROMAL_CELLS
Neuronal,DURANTE_ADULT_OLFACTORY_NEUROEPITHELIUM_RESPIRATORY_COLUMNAR_CELLS,3.577337580159531e-5,0.00132475608030873,0.557332238758646,0.7255731988122311,2.0068555810233217,23,FABP5;KRT19;TACSTD2;PRDX1;TXN;KRT18;HSPB1;SFN;S100A16;ALDH3A1;CSTB;SLC25A5;ANXA2;PERP,C8,2.877864078502842,DURANTE_ADULT_OLFACTORY_NEUROEPITHELIUM_RESPIRATORY_COLUMNAR_C...
Neuronal,DURANTE_ADULT_OLFACTORY_NEUROEPITHELIUM_UNSPECIFIED,4.229372894642696e-5,0.00152782468116733,0.557332238758646,0.6580835989920831,2.0253975976176704,35,CD24;PPA1;PRDX1;ATP5IF1;DYNLL1;PTTG1;S100A2;PRDX5;PIERCE1;ALDH3A1;H2AZ1;TUBB;CIMAP3;STMN1;CIB1;MORN2;TUBA1A;TUBB4B;H4C3;DYNLT1,C8,2.815926478463203,DURANTE_ADULT_OLFACTORY_NEUROEPITHELIUM_UNSPECIFIED
Neuronal,DURANTE_ADULT_OLFACTORY_NEUROEPITHELIUM_RESPIRATORY_HORIZONTAL_BASAL_CELLS,8.231464378628797e-6,3.6875855521709545e-4,0.5933254763964051,0.7338091345519296,2.122234388402602,27,ANXA1;SERPINB5;KRT19;PHLDA2;TACSTD2;LYPD3;PRDX1;KRT18;HSPB1;S100A2;SFN;S100A16;ALDH3A1;SLC25A5;ANXA2;PERP;S100A11,C8,3.433257895242998,DURANTE_ADULT_OLFACTORY_NEUROEPITHELIUM_RESPIRATORY_HORIZONTAL...
Neuronal,MANNO_MIDBRAIN_NEUROTYPES_BASAL,7.680778215770224e-17,1.7527929774449997e-14,1.0574635727508577,0.7526907482703754,2.703197865557643,77,RPL34;UQCRB;RPL14;RPL7;RPL6;RPS4X;RPL31;COX6C;RPL41;RPS8;RPS27A;RPL3;RPL28;ATP5F1E;RPL38;SUMO2;RPL7A;SEC61B;BRK1;ATP5PO;FAU;ELOB;ATP5ME;RPL15;ATP5MJ;RPL8;RPL13;EEF1A1;COX4I1;DYNLL1;BZW1;PARK7;COX6B1;BEX3;NACA2;SRP14;SAP18;RPL9;SEC61G;ATF4;ATP5MG;ACTG1;UBB;PSMB4;GABARAP;UQCRQ;ATP5PB;ACTB;SLC25A3;H3-3B;UBL5;CFL1,C8,13.756269375442214,MANNO_MIDBRAIN_NEUROTYPES_BASAL
Androgen receptor,CUSTOM_HALLMARK_AR_SIGNATURE,3.5490296859290554e-7,2.4050531120382177e-5,0.674962860011025,-0.589116638508395,-2.1309082562837176,100,STEAP4;SGK1;MAF;ACSL3;FKBP5;ABHD2;AKAP12;CAMKK2;ELOVL5;HOMER2;ELK4;LIFR;PIAS1;HMGCR;MAK;SLC26A2;TSC22D1;MERTK;ELL2;BMPR1B;DBI;INPP4B;STK39;SEC24D;HMGCS1;NDRG1;ALDH1A3;PGM3;CDK6;KLK3;UBE2J1;HERC3;ZMIZ1;UAP1,CUSTOM,4.618875328433424,CUSTOM_HALLMARK_AR_SIGNATURE
Androgen receptor,HALLMARK_ANDROGEN_RESPONSE,3.5490296859290554e-7,2.4050531120382177e-5,0.674962860011025,-0.589116638508395,-2.1309082562837176,100,STEAP4;SGK1;MAF;ACSL3;FKBP5;ABHD2;AKAP12;CAMKK2;ELOVL5;HOMER2;ELK4;LIFR;PIAS1;HMGCR;MAK;SLC26A2;TSC22D1;MERTK;ELL2;BMPR1B;DBI;INPP4B;STK39;SEC24D;HMGCS1;NDRG1;ALDH1A3;PGM3;CDK6;KLK3;UBE2J1;HERC3;ZMIZ1;UAP1,H,4.618875328433424,HALLMARK_ANDROGEN_RESPONSE
Androgen receptor,NELSON_RESPONSE_TO_ANDROGEN_UP,4.868393600980812e-6,2.354820817865719e-4,0.610526878385931,-0.5839901670481525,-2.039954063144952,82,STEAP4;SGK1;MAF;ACSL3;FKBP5;ABHD2;AKAP12;KLF4;CAMKK2;ELOVL5;HOMER2;LIFR;C1orf21;PIAS1;SLC26A2;TSC22D1;ELL2;DBI;INPP4B;STK39;SEC24D;HMGCS1;CPD;PALM2AKAP2;NDRG1;ALDH1A3,C2:CGP,3.6280421334492,NELSON_RESPONSE_TO_ANDROGEN_UP
Androgen receptor,WANG_RESPONSE_TO_ANDROGEN_UP,0.00172130314546116,0.02921728797445203,0.45505986738722953,-0.6483497288045408,-1.8768970711922792,30,MAF;ACSL3;CAMKK2;ELK4;PIAS1;HMGCR;SLC30A7;BMPR1B;ATXN3;KLK3;UBE2J1,C2:CGP,1.5343600988874389,WANG_RESPONSE_TO_ANDROGEN_UP
Androgen receptor,GOBP_NEGATIVE_REGULATION_OF_ANDROGEN_RECEPTOR_SIGNALING_PATHWAY,0.01995820992165766,0.1583137863660902,0.35248785758361917,-0.6715950844147356,-1.6386831029097275,15,IGF1;DAB2;NCOR1;ZBTB7A;NCOR2,C5:GO:BP,0.80048126402574,GOBP_NEGATIVE_REGULATION_OF_ANDROGEN_RECEPTOR_SIGNALING_PATHWAY
Androgen receptor,GOBP_CELLULAR_RESPONSE_TO_STEROID_HORMONE_STIMULUS,9.904790992172122e-4,0.0193175982097148,0.45505986738722953,-0.3940538902502025,-1.5466681819682595,193,PDE3A;UGT1A1;SGK1;UGT1A3;ABHD2;MYOD1;IGF1;SOX10;ISL1;DAB2;UBR5;BCL2L11;NCOR1;ATP1A1;KLF9;FBXO32;KMT2D;NPC1;ZFP36L2;CNOT1;FOXO3;SCGB2A2;PPARGC1B;TAF1;ZBTB7A;CDK12;ESR2;CFLAR;SCNN1B;ERRFI1;SCNN1G;PER1;NCOA1;GPER1;NR2E3;EP300,C5:GO:BP,1.714046871145634,GOBP_CELLULAR_RESPONSE_TO_STEROID_HORMONE_STIMULUS
Androgen receptor,GOBP_CELLULAR_RESPONSE_TO_GROWTH_HORMONE_STIMULUS,0.03344398064928918,0.2204506025309021,0.3217759180753611,-0.5580050397965093,-1.542680962053276,24,SOCS2;IGF1;GHRL;MBD5;GDF15,C5:GO:BP,0.6566887098315876,GOBP_CELLULAR_RESPONSE_TO_GROWTH_HORMONE_STIMULUS
Androgen receptor,DOANE_RESPONSE_TO_ANDROGEN_UP,0.00266308989923736,0.04012669317699641,0.4317076958033464,-0.3915337580402335,-1.5037973637561175,159,CYP4F8;MICAL2;SLC15A2;FKBP5;FMO5;ZBTB16;PYGB;UGT2B11;MCCC2;AHNAK;THRAP3;FARP1;MZB1;FASN;EPN2;ENDOD1;AKAP6;KDM4B;NEDD4L;WWC1;IL1B;CA5B;CD5;NDRG1;RRBP1;NBPF1;MTMR9;UBE4B;SEC14L2;SERINC5;MICALL2;ZNF552;ZNF550;DNAH3;ACACA;POP1;TMPRSS2;ST6GAL1;SOCS7;AKAP5;BBOF1;AQP3;FAR2;INE1;ZC3H13;C1orf116;PDIA5;ACSM3,C2:CGP,1.3965666288073297,DOANE_RESPONSE_TO_ANDROGEN_UP
Androgen receptor,GOBP_CELLULAR_RESPONSE_TO_CADMIUM_ION,0.02218018436069563,0.1694936812909483,0.35248785758361917,0.599779264266045,1.553686163428904,17,MT1F;SUMO1;MT1E;DAXX;SOD1;HSF1,C5:GO:BP,0.7708464876179767,GOBP_CELLULAR_RESPONSE_TO_CADMIUM_ION
Androgen receptor,REACTOME_CELLULAR_RESPONSE_TO_CHEMICAL_STRESS,1.949203609020618e-4,0.00538755034791413,0.5188480777437918,0.407231445760621,1.6294585330447764,183,HBA2;BLVRA;SEM1;COX6C;HBA1;RPS27A;SMARCD3;ABCC3;MT-CO3;COX7C;UBA52;PRKCD;GPX7;PRDX1;COX8A;ABCF2;SOD3;PRDX2;COX4I1;RBX1;TXN;COX6B1;MT-CO1;PSMA1;PSMC5;ATOX1;CCS;COX6A1;PSMB7;MT-CO2;PSMB2;ATF4;PSMB6;COX5B;COX5A;UBB;PRDX5;PSMB4;RELA;BCL2L1;PSMB5;COX7B;GPX8;PRDX6;PGD;ALB;SOD1;STAP2;TKT;COX7A2;PSMB1;PSMA7;PSMD6;PSMB3;PSMA5;MAP1LC3B;SESN2;KEAP1;MYC;COX7A2L;PSMC3;PSMD8;HDAC3;TXN2;HMOX2;BLVRB;CSNK2A1;PSMD3;PSMD13,C2:CP:REACTOME,2.2686086582290566,REACTOME_CELLULAR_RESPONSE_TO_CHEMICAL_STRESS
Androgen receptor,REACTOME_CELLULAR_RESPONSE_TO_HYPOXIA,0.00477027008527461,0.06099914333181622,0.40701791892395395,0.4817537389752032,1.6450294532189729,60,SEM1;RPS27A;UBA52;ELOB;AJUBA;RBX1;PSMA1;PSMC5;PSMB7;PSMB2;PSMB6;UBB;PSMB4;UBE2D3;PSMB5;EGLN3;UBE2D2;HIGD1A;PSMB1;PSMA7;PSMD6;PSMB3;PSMA5;PSMC3;PSMD8;ELOC;VHL;PSMD3;PSMD13;ADRM1;PSMC4;UBE2D1,C2:CP:REACTOME,1.2146762641511595,REACTOME_CELLULAR_RESPONSE_TO_HYPOXIA
Androgen receptor,DOANE_RESPONSE_TO_ANDROGEN_DN,1.8333912825310592e-6,1.0054362586182937e-4,0.6435518361507222,0.4318574371337689,1.7962529776206253,228,RGS10;EFNB3;BAMBI;CRABP2;SIX2;DUSP6;VTCN1;CYFIP2;DTX3;FAM110B;TNC;FBLN1;HCFC1R1;AMIGO2;RPS2;SLC29A3;PRKCD;MGP;PHLDA2;TPT1;SMAD6;IFITM1;PLPP2;MPP1;IFITM3;SNPH;PPDPF;IGFBP2;PELI2;CXCR4;CTNND2;ARG2;PDE4B;BEX3;NMU;SERPINH1;ENO2;ANXA9;SLC9A1;SP110;WLS;FKBPL;SSBP2;PRAF2;TMEM106C;PSMB8;ATP5F1D;SLC27A2;RANBP3;CYBRD1,C2:CGP,3.9976454570491553,DOANE_RESPONSE_TO_ANDROGEN_DN
Androgen receptor,GOBP_CELLULAR_RESPONSE_TO_FATTY_ACID,1.888663543063437e-7,1.3447284426611671e-5,0.6901324587967956,0.7446188305684287,2.2701113865472493,34,AKR1C2;AKR1C1;HMGCS2;ID3;AKR1C3;DGAT2;FFAR2;HES1;PRKCD;ASS1;NR1H4;AKR1C4;CLDN1;CPT1A,C5:GO:BP,4.8713654091642375,GOBP_CELLULAR_RESPONSE_TO_FATTY_ACID
Androgen receptor,REACTOME_CELLULAR_RESPONSE_TO_STARVATION,1.5988811043512827e-34,1.1858368190605348e-31,1.529705251623089,0.7655799215568708,3.015993397582371,153,RPL34;RPLP2;RPL14;RPL23A;RPL39;RPL7;RPS12;RPL11;RPL6;RPS4X;RPLP1;RPS23;RPL27A;RPS25;RPS20;RPL31;RPS15;RPL23;RPL19;RPS11;RPL41;RPL37;RPL4;RPS4Y1;RPL22;RPS8;RPS14;RPS27A;RPL24;RPL18A;RPS24;RPS19;RPS16;RPL3;RPL28;RPS15A;SH3BP4;RPL38;RPS3;RPL26;RPS27;RPL12;RPL5;RPL7A;RPL37A;RPS13;RPS18;RPL18;RPL10;UBA52;RPS2;RPL10A;RPL29;RPL13A;RPS28;FAU;RPL27;RPL32;RPS29;RPS5;RPL30;RPL36;RPL22L1;EIF2S2;RPLP0;RPL15;RPL8;RPL13;RPS21;RPL35A;RPS6;RPS27L;RPS3A;RPSA;ATP6V1D;RPL35;RPS7;ATP6V1G1;DDIT3;ATP6V0E1;RPL9;ATP6V1F;ATP6V1E2;RPL26L1;RHEB;TRIB3;LAMTOR3;ATF4;RPS26,C2:CP:REACTOME,30.92597506936753,REACTOME_CELLULAR_RESPONSE_TO_STARVATION
Estrogen receptor,GOBP_ESTROGEN_METABOLIC_PROCESS,0.00128463543907346,0.02334905801447342,0.45505986738722953,-0.658280299161288,-1.844406661641209,26,UGT1A1;UGT1A3;TIPARP;UGT2B28;UGT2B11;UGT2B4;CYP1A1,C5:GO:BP,1.631730635756044,GOBP_ESTROGEN_METABOLIC_PROCESS
Estrogen receptor,LI_ESTROGENE_MCF7_E2_RESPONSE_UP,0.00334529998656779,0.04725899981024346,0.4317076958033464,-0.5722008377012332,-1.750396796753712,38,LRIG1;SGK1;TIPARP;SLC22A5;LONRF2;COL21A1;SYTL4;SCNN1B;ADRB1;FRK;MSMB;TMEM164;C1QTNF6;PLIN5,C2:CGP,1.3255154740174175,LI_ESTROGENE_MCF7_E2_RESPONSE_UP
Estrogen receptor,MASSARWEH_RESPONSE_TO_ESTRADIOL,0.00331606533314738,0.0470162711584986,0.4317076958033464,-0.5154386903343973,-1.6893781901034377,59,LRIG1;ELOVL2;TIPARP;GREB1;IGF1R;STARD13;SLC26A2;MYBL1;MEGF9;PDZK1,C2:CGP,1.3277518175654783,MASSARWEH_RESPONSE_TO_ESTRADIOL
Estrogen receptor,STEIN_ESTROGEN_RESPONSE_NOT_VIA_ESRRA,0.01462135860276512,0.12901198767145694,0.3807304007227924,-0.6872814065127929,-1.6769575208818108,15,TIPARP;GREB1;RET;ABAT;MED13L,C2:CGP,0.8893699335947007,STEIN_ESTROGEN_RESPONSE_NOT_VIA_ESRRA
Estrogen receptor,STOSSI_RESPONSE_TO_ESTRADIOL,0.01291684373633991,0.11930559444835172,0.3807304007227924,-0.5643906411225112,-1.65425389047265,32,LRIG1;GREB1;PPP1R12B;PTGS2;ITGA6;HYAL1;PDZK1;CCN5;BIRC3;RHOBTB3;MSMB,C2:CGP,0.9233391910230146,STOSSI_RESPONSE_TO_ESTRADIOL
Estrogen receptor,LI_ESTROGENE_EARLY_E2_RESPONSE_UP,0.00551078011814857,0.0678054512233027,0.40701791892395395,-0.45079012253977446,-1.574668879698448,82,SGK1;ELOVL2;TIPARP;GREB1;USP31;RET;PRAG1;SLC22A5;MYBL1;LONRF2;PDZK1;RASGRP1;SFXN2;ADRB1;WWC1,C2:CGP,1.1687353895985362,LI_ESTROGENE_EARLY_E2_RESPONSE_UP
Estrogen receptor,FRASOR_RESPONSE_TO_ESTRADIOL_UP,0.02503571586573088,0.18233868347381743,0.35248785758361917,-0.5292802280573581,-1.5349823587539322,31,GREB1;RET;SLC22A5;MPPED2;MYBL1;CYP1A1;PDZK1;RASGRP1;CCN5;WWC1;SLC39A6;PTGER3,C2:CGP,0.7391211852286395,FRASOR_RESPONSE_TO_ESTRADIOL_UP
Estrogen receptor,DUTERTRE_ESTRADIOL_RESPONSE_6HR_UP,0.00245363194333993,0.03784631593713244,0.4317076958033464,-0.3701252407855328,-1.472065322439712,215,MICAL2;LRIG1;SGK1;ELOVL2;NT5DC3;FKBP5;TIPARP;ABHD2;GREB1;USP31;RET;FARP1;SLC22A5;MACF1;SLC26A2;HIF1A;MYBL1;LONRF2;SFXN2;ENDOD1;TMEM120B;SYTL4;EXO1;NEMP1;IFNAR2;FRK;PXK;TMEM164;DDX21;C1QTNF6;AMD1;XRCC2;CCNE2;KIF21A;SEC14L2;LRRFIP2;RBL1;WDR4;CNKSR3;MMS22L;BRIP1;MCM10;ZNF367;BRCA1;PPAN;PHLDA1,C2:CGP,1.421976389507223,DUTERTRE_ESTRADIOL_RESPONSE_6HR_UP
Estrogen receptor,GOZGIT_ESR1_TARGETS_UP,0.02253789721984862,0.17158878122895876,0.35248785758361917,-0.3791952866756746,-1.403879717370031,119,CYP4F8;MICAL2;ANPEP;STS;THSD7A;BMP2K;MMRN2;ACACB;DST;COL21A1;IGF2BP3;CLMP;ALDH3B1;CYRIA;FRY;WWC1;PLCL2;LAMB1,C2:CGP,0.7655111104828352,GOZGIT_ESR1_TARGETS_UP
Estrogen receptor,VANTVEER_BREAST_CANCER_ESR1_DN,0.00114338945248965,0.02145361797714243,0.45505986738722953,0.3703434845053888,1.5049902393813552,196,PADI2;KRT7;CX3CL1;CSRP2;TMEM45A;SEM1;TNFRSF21;CYB5R2;KCNN4;UQCRH;GAPDH;PDZK1IP1;ASS1;TMSB10;NMB;PHGDH;UCHL3;PKP1;SMCO4;BTG3;LDHB;TRIM29;DUSP9;CDK2AP1;YBX1;HEBP2;TRPV6;NFKBIE;FDX1;CENPA;CSTB;ENO1;TES;MRAS;CDH3;CDC20;PSAT1;GPRIN2;LMO4;RAB6B;TBPL1;PDCD5;PGM1;PFKP;RRP1;CCNB2;PIMREG;FABP7;MPZL1;DESI2;SLC35C1;RCAN1;DEF8;TMCC2;SERBP1;MYBL2;KCNK5;HDGF;SNN;LAD1;UGP2;CEBPG,C2:CGP,1.668499457091823,VANTVEER_BREAST_CANCER_ESR1_DN
Estrogen receptor,FRASOR_RESPONSE_TO_ESTRADIOL_DN,0.00982369757024673,0.09969316804469316,0.3807304007227924,0.4356584875414824,1.5302424677986184,72,CD24;KRT7;BIK;ENC1;MMD;DBN1;ABCG1;RND3;FOLH1;ARNT2;LITAF;H2AC20;INHBB;IER3;ERBB2;LAMB2;SMPD1;SELENBP1;MB;INPP5J;BCAS1;ANXA3;BMP4;CTSH,C2:CGP,1.0013346027932069,FRASOR_RESPONSE_TO_ESTRADIOL_DN
Estrogen receptor,LI_ESTROGENE_META_E2_RESPONSE_DN,0.01510755560474008,0.13169171878764618,0.3807304007227924,0.59646033940762,1.6366952070873542,22,BAMBI;BMF;BIK;ENC1;VTCN1;PPFIBP2,C2:CGP,0.8804415340580022,LI_ESTROGENE_META_E2_RESPONSE_DN
Estrogen receptor,LI_ESTROGENE_EARLY_E2_RESPONSE_DN,0.00243707725709806,0.03766784405004183,0.4317076958033464,0.4659785542413384,1.6491680452344912,73,ID1;BAMBI;CCN2;BMF;BIK;ENC1;ID3;EDN2;SH3BP4;AMIGO2;ID2;LYPD3;RND3;SMAD6;SOX2;PPFIBP2;S1PR3;ARL4D;RGS2,C2:CGP,1.4240292362863798,LI_ESTROGENE_EARLY_E2_RESPONSE_DN
Estrogen receptor,YANG_BREAST_CANCER_ESR1_DN,0.0084390284798131,0.09026008267471734,0.3807304007227924,0.6184075316831081,1.6744646356591588,21,MFAP2;CYB5R2;FABP5;BTG3;LDHB;RAP2B;CDH3,C2:CGP,1.0445042730188745,YANG_BREAST_CANCER_ESR1_DN
Estrogen receptor,CHAUHAN_RESPONSE_TO_METHOXYESTRADIOL_UP,0.00567774203599539,0.06912709181991655,0.40701791892395395,0.51385717495332,1.6772764262167574,46,CKS2;HMGN2;PTTG1;ATF4;WNT11;UBE2S;UBE2M;NME1;COX7B;UBE2L3;SRM;CIRBP;SRSF2;YARS1;EIF5AL1;RBM3;MYC;CKB;HDGF;SNRPD3;CCNB1;TIMM44;CARS1;GARS1;AHSA1;SLC3A2;GPR161;ASNS;SLC7A5,C2:CGP,1.1603517135230292,CHAUHAN_RESPONSE_TO_METHOXYESTRADIOL_UP
Estrogen receptor,BHATI_G2M_ARREST_BY_2METHOXYESTRADIOL_DN,2.2800954597807017e-4,0.00617212858903254,0.5188480777437918,0.4550187788912813,1.7170616078650722,108,RPL34;TMPRSS4;RPL31;RPL3;RPL26;MT1F;RPL12;LARP6;RPS2;RPL10A;PGLS;FANCF;NOP53;IGBP1;PRTFDC1;CCNB1IP1;BFSP1;AIG1;HERPUD1;NUPR1;VMO1;TRIB3;ATF4;METTL9;ABHD14B;ELAC1;DENND2D;ZNF581;PSAT1;DCN;B3GALT6;CIRBP;LCK;ZFAND1;ZNF490;DNASE2;THRA;RBM3;SESN2;LENG1;HLA-E;KRCC1;CRTAP;BAG1;SARS1,C2:CGP,2.209565034500412,BHATI_G2M_ARREST_BY_2METHOXYESTRADIOL_DN
Estrogen receptor,LI_ESTROGENE_T47D_E2_RESPONSE_DN,0.00139591816029761,0.02484734325329755,0.45505986738722953,0.6149120945118792,1.8342885087580296,31,BTG1;CD24;CAMK2N1;PCED1B;AMIGO2;ARL4D;CRYM;WNT11;EGLN3;PCDH7;NANOS1,C2:CGP,1.604720040416154,LI_ESTROGENE_T47D_E2_RESPONSE_DN
Estrogen receptor,GOMF_ESTRADIOL_17_BETA_DEHYDROGENASE_NAD_P_PLUS_ACTIVITY,0.00110889885184973,0.02089456552179817,0.45505986738722953,0.7577236374964657,1.86587606037982,14,AKR1C2;AKR1C1;AKR1C3;AKR1C4;HSD17B10;HSD17B7;HSD17B6,C5:GO:MF,1.6799666550753856,GOMF_ESTRADIOL_17_BETA_DEHYDROGENASE_NAD_P_PLUS_ACTIVITY
Estrogen receptor,CHAUHAN_RESPONSE_TO_METHOXYESTRADIOL_DN,2.045671379805621e-7,1.4449583555769858e-5,0.6901324587967956,0.5647275258632927,2.087316320171012,95,BTG1;CYFIP2;RPL12;BTF3;NPC2;EIF3K;ATP5PO;PDLIM1;TMSB10;NME4;EEF1A1;HERPUD1;XBP1;ATP5MF;LITAF;EIF3F;LGALS1;COX6A1;SPCS2;ENO2;UBE2I;EIF3M;EIF4B;SEC61G;ATP6V1F;CAPNS1;UBE2S;H2AZ1;MORF4L2;CTDNEP1;AP3S1;LTA4H;PCBP2;MXI1;ARL6IP1;PHB2;COPE;PTPN6;SLC25A6,C2:CGP,4.840144669311404,CHAUHAN_RESPONSE_TO_METHOXYESTRADIOL_DN
Insulin / Glucose,KEGG_MEDICUS_REFERENCE_IGF2_IGF1R_PI3K_SIGNALING_PATHWAY,2.2372955844117865e-4,0.00607071057965393,0.5188480777437918,-0.8484754783279338,-1.9019029098339424,10,IGF1R;MTOR;PIK3CB;AKT3,C2:CP:KEGG_MEDICUS,2.21676047156708,KEGG_MEDICUS_REFERENCE_IGF2_IGF1R_PI3K_SIGNALING_PATHWAY
Insulin / Glucose,WP_ROLES_OF_CERAMIDES_IN_DEVELOPMENT_OF_INSULIN_RESISTANCE,0.00938210051776497,0.09724459775789011,0.3807304007227924,-0.6409284663005603,-1.649928497748366,19,CD36;ERN1,C2:CP:WIKIPATHWAYS,1.0121345157514106,WP_ROLES_OF_CERAMIDES_IN_DEVELOPMENT_OF_INSULIN_RESISTANCE
Insulin / Glucose,REACTOME_SIGNALING_BY_TYPE_1_INSULIN_LIKE_GROWTH_FACTOR_1_RECEPTOR_IGF1R,0.01528740745717746,0.13265316188061044,0.3807304007227924,-0.5172843371590561,-1.5824039167989623,38,FGF22;IRS4;IGF1R;IGF1;PIK3CB,C2:CP:REACTOME,0.8772823938464769,REACTOME_SIGNALING_BY_TYPE_1_INSULIN_LIKE_GROWTH_FACTOR_1_RECE...
Insulin / Glucose,KEGG_MEDICUS_REFERENCE_IGF_IGF1R_PI3K_SIGNALING_PATHWAY,0.02902130708512242,0.20017279751298592,0.35248785758361917,-0.6635011989760529,-1.5692361392701095,13,IGF1R;IGF1;MTOR;PIK3CB;AKT3,C2:CP:KEGG_MEDICUS,0.6985949413057128,KEGG_MEDICUS_REFERENCE_IGF_IGF1R_PI3K_SIGNALING_PATHWAY
Insulin / Glucose,GSE9006_HEALTHY_VS_TYPE_1_DIABETES_PBMC_4MONTH_POST_DX_DN,0.03654279596565659,0.23544706860111753,0.3217759180753611,0.325552943031388,1.2991238763956674,175,ID3;RPS16;EFNA3;UBA52;RPA3;CSRNP2;NDUFA3;EGR2;ZNF174;COMMD3;ZNF232;JAKMIP2;PNPLA4;GEMIN6;MED20;SOHLH2;CZIB;TMEM177;RABIF;SSBP2;HPCA;DPF1;CTF1;DENND2D;SDHAF1;ORMDL2;TM6SF2;ZBTB3;ZKSCAN4;DYNLRB1;ACTN2;RABEPK;RRAGA;TMEM223;SDF2;ING4;RNF167;TIMM8B;POLR3K;CD248;H4C3;CDC123;DNAL4;BET1;NOP10;MRPL17;LRRC20;LRRC75B;CHTOP;ERF;EPOR;NALF2;CBY1;FAM50B;CDH11;PPME1;IL11;UMPS;BOLA1;PIP5K1A;MTHFS;INO80B;ALKBH1;WDR5B;HDAC11;HINFP,C7:IMMUNESIGDB,0.628106712306772,GSE9006_HEALTHY_VS_TYPE_1_DIABETES_PBMC_4MONTH_POST_DX_DN
Insulin / Glucose,GSE9006_HEALTHY_VS_TYPE_1_DIABETES_PBMC_AT_DX_UP,0.02319642512937002,0.1746108122227741,0.35248785758361917,0.3315282456348383,1.3287300792692958,184,UQCRB;HLA-DQB1;NRGN;NACA;MMD;PARL;NDUFS4;BTF3;NENF;ATP5PO;CLNS1A;CD99;MGLL;UCHL3;MRPS15;PSMA1;MRPS10;MYL9;GNAZ;SUMO3;TRIAP1;PSME1;NDUFB5;NDUFA9;STYXL1;ATF4;PGRMC1;ATP5MG;RRAGC;COX5A;SMAD7;ATP5F1C;PLPBP;UBE2L3;SLC25A5;CMC4;RWDD1;UBE2D2;HTATIP2;OXA1L;MXI1;COX7A2;HIGD1A;YARS1;EIF3E;HEBP1;SMAD2;MYG1;PTP4A2;SERP1;ARL6IP5;CNOT7;JTB;STX8;SUCLG1;NDRG2,C7:IMMUNESIGDB,0.7579288674843891,GSE9006_HEALTHY_VS_TYPE_1_DIABETES_PBMC_AT_DX_UP
Insulin / Glucose,BURTON_ADIPOGENESIS_6,0.013060476996307,0.12008083188753343,0.3807304007227924,0.3414612340628057,1.3590479636341248,169,UQCRB;CMBL;BBLN;UQCR10;MRPL51;ATP5PO;APOE;TSPAN12;NDUFB3;CIB2;MGLL;NES;G0S2;UNC119;NDUFB9;NDUFC1;ACYP2;LDHB;QDPR;ARL4A;NDUFB8;PRXL2A;CHCHD3;ADISSP;REEP6;NDUFB5;NDUFA9;COX5B;COQ5;DGAT1;SLC25A1;ATP5F1D;NDUFB2;NDUFB7;UQCRQ;TUFM;COX7B;ACAA2;NDUFS3;GCSH;PXMP2;CHPT1;SDHB;DECR1;GRHPR;TKT;COX7A2;NDUFB6;UCK1;SOWAHC;PDAP1;CBR1;PNPLA2;UQCRC1;CFD;C6orf136;APOC1;LUM;CYB5B;PPP2R5A;COL15A1,C2:CGP,0.920526312079627,BURTON_ADIPOGENESIS_6
Insulin / Glucose,GSE9006_TYPE_1_DIABETES_AT_DX_VS_1MONTH_POST_DX_PBMC_DN,0.01446428312977747,0.12804919083722102,0.3807304007227924,0.3511601799669456,1.3914816153062854,166,RPL14;RCAN2;RTRAF;RPL19;RPS15A;RPL12;RPL7A;IER3IP1;SLC12A5;EIF2S2;IGBP1;CCDC71;MAPKAPK5-AS1;RPL15;TIMM9;CP;RHOBTB1;COX4I1;SERF2;AKR1C4;SCNM1;COMMD3;PNPLA4;RNF113A;GPR143;MYL9;TMEM254;RBMX2;GSTO1;METTL9;C2orf68;ATP5F1C;APOO;CCNI;TM6SF2;DPM3;ANXA2;COA4;RABEPK;OXA1L;DCTN2;TMEM223;ING4;STEEP1;TIMM8B;HINT1;PNPLA2;H4C3;SLC25A14;LUM;MTHFD2L;MDH1;PAFAH1B2;LRRC75B;SUOX;PBLD;FAM111A;TTC1;TRIM2;LAMTOR5,C7:IMMUNESIGDB,0.8926231615613476,GSE9006_TYPE_1_DIABETES_AT_DX_VS_1MONTH_POST_DX_PBMC_DN
Insulin / Glucose,GSE9006_TYPE_1_DIABETES_AT_DX_VS_1MONTH_POST_DX_PBMC_UP,0.01064657081089254,0.1049717284530395,0.3807304007227924,0.349846984849948,1.3971642470881482,181,BTG1;HMGB2;HERPUD1;TSC22D3;CXCR4;THOC6;DAZAP2;IER3;DNAJC17;BANF1;GPI;PRCC;RABAC1;ACTG1;ECSIT;ARPC4;PFN1;ATP5F1D;UBE2S;BSG;WDR18;CCDC22;CDK9;REX1BD;GLUL;RTN3;HBEGF;CDC37;PRPF6;ARL6IP1;MARCKSL1;NCAPH2;SLC25A20;NDUFV1;MRPL12;SART1;NT5DC2;SRSF9;RBM3;MAFB;TMEM160;UQCRC1;YBX3;PSMC3;ZFP36L1;RBM42;TMEM259;XAB2;AHCY;COPS7B;SNRNP40;BRMS1;HNRNPK;HNRNPA1;MAP3K8;GLOD4;OSTF1;GPAA1;ARF6;AAMP;ALDOA;PPIB;TBL3;PSPN;WDR46;GOLPH3,C7:IMMUNESIGDB,0.9789276516929525,GSE9006_TYPE_1_DIABETES_AT_DX_VS_1MONTH_POST_DX_PBMC_UP
Insulin / Glucose,GOBP_GLYCOLYTIC_PROCESS_THROUGH_FRUCTOSE_6_PHOSPHATE,0.02003676174138444,0.15851399502263613,0.35248785758361917,0.5485593485316596,1.517254760684968,23,GAPDH;TPI1;ENO2;ENO1;GALK1;GCK;PFKP;PFKM;ALDOA;PGAM1;PKM,C5:GO:BP,0.7999323883813154,GOBP_GLYCOLYTIC_PROCESS_THROUGH_FRUCTOSE_6_PHOSPHATE
Insulin / Glucose,REACTOME_AMPK_INDUCED_ERAD_AND_LYSOSOME_MEDIATED_DEGRADATION_OF_PD_L1_CD274,0.01657339410736621,0.13990187248393232,0.35248785758361917,0.4576804723940519,1.5383363347352774,54,SEM1;RPS27A;UBA52;PSMA1;PSMC5;PSMB7;PSMB2;PSMB6;UBB;PSMB4;PSMB5;RNF5;PSMB1;PSMA7;PSMD6;PSMB3;PSMA5;PSMC3;PSMD8;PSMD3;PSMD13;ADRM1;PRKAB1;PSMC4;DERL1;DERL2;PSMA3;PSMA4;RNF185;PSMD14;ERLIN1;PSMC6,C2:CP:REACTOME,0.8541764727562272,REACTOME_AMPK_INDUCED_ERAD_AND_LYSOSOME_MEDIATED_DEGRADATION_O...
Insulin / Glucose,HP_MATERNAL_DIABETES,0.02660010386293087,0.1892917838859953,0.35248785758361917,0.5164404644745259,1.540546718625294,31,SPINK1;SOX2;ARNT2;DISP1;GJA1;GLI2;FUZ;NAA10;CLCNKB;SUFU;NKX2-5,C5:HPO,0.7228682359591406,HP_MATERNAL_DIABETES
Insulin / Glucose,GSE9006_TYPE_1_DIABETES_AT_DX_VS_4MONTH_POST_DX_PBMC_DN,7.022824694316952e-5,0.00234386774172828,0.5384340963099162,0.4262486284338931,1.6965098016613231,169,RGS10;RPL19;RPL24;RPS16;RPS15A;CA8;RPL12;RPL5;RPL7A;IER3IP1;RPS13;SS18L2;EIF3K;UBA52;RPL10A;RPA3;LSM1;RPL27;RPS29;CSRNP2;EIF2S2;RPL15;MRPL18;SOD3;NDUFA3;POLR2J;MRPS33;COX4I1;MGST3;SERF2;DYNLL1;COMMD3;COL6A1;SNRPD2;PNPLA4;RNF113A;XCL1;SELENOW;H2AC25;SAP18;GSTO1;SNRPC;RABIF;RALYL;C2orf68;HPCA;DPF1;ATP5F1C;SDHAF1;TM6SF2;DYNLRB1;COA4;HAX1;RABEPK;OXA1L;LMO4;EEF1B2;ING4;UQCR11;TIMM8B;HINT1;CBR1,C7:IMMUNESIGDB,2.630066898054173,GSE9006_TYPE_1_DIABETES_AT_DX_VS_4MONTH_POST_DX_PBMC_DN
Insulin / Glucose,KEGG_GLYCOLYSIS_GLUCONEOGENESIS,0.00156189052780048,0.02707953057939805,0.45505986738722953,0.5325154386535605,1.7240256660377986,45,ALDOC;ALDH2;GAPDH;LDHB;LDHA;TPI1;ENO2;GPI;BPGM;ACSS1;ALDH3A1;ENO1;PCK2;GCK;ACSS2;PDHA1;ADH5;GALM;PGM1;PFKP;AKR1A1;PFKM;ALDOA;PGAM1;PKM,C2:CP:KEGG_LEGACY,1.5673588683673996,KEGG_GLYCOLYSIS_GLUCONEOGENESIS
Insulin / Glucose,BURTON_ADIPOGENESIS_PEAK_AT_8HR,0.00190176064354596,0.03132449671972694,0.45505986738722953,0.5711891439021423,1.7579607235563552,35,SDC1;PPA1;RRAS2;TSC22D3;ARL4D;BZW1;SCD;UCP2;GSTO1;PRDX6;PPP1R2;ITGA5;CD44;TEAD4;FOSL1;CEBPB,C2:CGP,1.5041158979427922,BURTON_ADIPOGENESIS_PEAK_AT_8HR
Insulin / Glucose,REACTOME_GLYCOGEN_STORAGE_DISEASES,0.00331678164383209,0.0470162711584986,0.4317076958033464,0.7156048756473152,1.7621596319378805,14,GYG2;RPS27A;UBA52;NHLRC1;UBB;GYG1,C2:CP:REACTOME,1.3277518175654783,REACTOME_GLYCOGEN_STORAGE_DISEASES
Insulin / Glucose,KEGG_MEDICUS_REFERENCE_GLYCOLYSIS,0.00160795581771458,0.02764482957693462,0.45505986738722953,0.6997263687132973,1.8125921351858711,17,ALDOC;GAPDH;LDHB;LDHA;ENO2;GPI;BPGM;ENO1;PFKP;PFKM;ALDOA;PGAM1;PKM,C2:CP:KEGG_MEDICUS,1.5583860830276512,KEGG_MEDICUS_REFERENCE_GLYCOLYSIS
Insulin / Glucose,BURTON_ADIPOGENESIS_7,4.36976470673782e-4,0.01043584236761178,0.49849310876659025,0.564557385407403,1.827761885842271,45,TMEM45A;VAMP5;S100A6;TGFBI;IFITM3;PLP2;TIMP1;PRRX2;S1PR3;THY1;TPM4,C2:CGP,1.9814724894983597,BURTON_ADIPOGENESIS_7
Insulin / Glucose,BURTON_ADIPOGENESIS_5,1.496023856916374e-6,8.535007901638287e-5,0.6435518361507222,0.5184521646626254,1.9675181998491451,112,FABP5;ATP5MK;UQCRH;NDUFB10;PPA1;TOB1;MRPL18;TIMM9;COX17;MGST3;XBP1;SDHD;C16orf74;PSMA1;ECHS1;JAGN1;COX6A1;ETFB;ISCA2;MRPL20;GPI;NDUFA8;GNPAT;FDX1;MRPS34;PEX11A;ORMDL3;CYC1;SLC5A6;RGCC;BCAP31;TIMM23;DNAJB9;MRPL34;PHB2;MRPL12;MRPS26;UQCR11;PSMA5;CAVIN1;NDUFAB1;MDH2;TIMM17A;MTX2;PTGES2;ALDOA;SLC1A5;ADAM12;PEX14;CHP1;AIFM1;MRPL15;SIPA1;G6PD;GRPEL1,C2:CGP,4.068796072482895,BURTON_ADIPOGENESIS_5
Insulin / Glucose,GAVISH_3CA_METAPROGRAM_CD8_T_CELLS_GLYCOLYSIS_MYC,1.0619426989699211e-5,4.580592901857333e-4,0.5933254763964051,0.637408559414095,2.092786913044093,47,SNRPE;LSM5;FABP5;TNFRSF18;CXCL13;EIF3I;PPA1;PRDX1;PARK7;NHP2;VDAC1;XCL1;SNRPD1;ATP5MC1;BANF1;NOP16;FBL;CCT6A;C1QBP;NME1;ENO1;DUT;RAN;TIMM13;TXNDC17;TNIP2;EIF5A;NDUFAB1;PRMT1;GTF3C6;DNPH1;PGAM1;PKM;CCT2,C4:3CA,3.339078304236414,GAVISH_3CA_METAPROGRAM_CD8_T_CELLS_GLYCOLYSIS_MYC
Insulin / Glucose,BOUDOUKHA_BOUND_BY_IGF2BP2,3.1172120887693634e-8,2.6848246054884516e-6,0.7195128263389107,0.5715796133453723,2.147145993255691,105,NACA;RPS4X;CRYAB;LSM5;RPS15;RPL22;RPS27A;RPS16;S100A6;ATP5F1E;COX7C;SEC61B;HIGD2A;FAU;RPL36;TMEM147;RPLP0;KIF3C;GAS5;COX8A;DYNLL1;ATP5MF;VBP1;NDUFA1;ISCA2;CD81;VAMP8;DNAJC30;EMC6;ABHD4;PSRC1;VTI1B;FAM89B;CMC4;UBE2D2;CCNG1;MARCHF2;PHLDA3;LSM10;SDF2;CHCHD4;VPS29,C2:CGP,5.571084080674512,BOUDOUKHA_BOUND_BY_IGF2BP2
Insulin / Glucose,GAVISH_3CA_METAPROGRAM_CD4_T_CELLS_GLYCOLYSIS_MYC,1.8196580117779197e-7,1.30254340253272e-5,0.6901324587967956,0.6896880309366274,2.251204288115555,46,SNRPE;EEF1E1;LSM5;FABP5;TNFRSF18;PPA1;PRDX1;NDUFB3;LSM2;TXN;SSBP1;NHP2;SNRPD1;ATP5MC1;C1QBP;TUBB;NME1;PCNA;DUT;TIMM13;SRM;MRPL14;TXNDC17;MRPL12;PDCD5;EIF5A;NDUFAB1;PRMT1;DNPH1;PGAM1;PKM;CCT2;CCT3,C4:3CA,4.885207796499523,GAVISH_3CA_METAPROGRAM_CD4_T_CELLS_GLYCOLYSIS_MYC
Insulin / Glucose,GSE9006_TYPE_1_VS_TYPE_2_DIABETES_PBMC_AT_DX_UP,7.811927736881058e-14,1.3456675520949951e-11,0.9545416307257244,0.5656694823411923,2.303809482272185,193,RPLP2;RPL11;ATP5MC2;RPL37;RPS27;FABP5;BBLN;PGLS;PFDN2;RPL36;SNRPF;PDLIM2;NDUFC1;EDF1;TNFRSF14;SLC39A4;PTMA;AEBP1;ERH;ATP2A3;CCS;TECR;THOC6;ANTKMT;SNF8;RALY;DNAJC17;UCP2;CCDC85B;CD81;BANF1;TLE5;DRAP1;ARF5;PRCC;TRAPPC2;AIP;SIGIRR;TSSC4;ARPC4;HRAS;PFN1;ATP5F1D;UBE2S;WDR18;MRPS2;UBE2M;CCDC22;WDR74;CDK9;TAF10;RWDD1;DCAF15;CFL1;SF3B4;CDC37;YJU2;MARCKSL1;TKT;MRPL12;PTPN6;PEF1;TSR3;SF3A2;GADD45GIP1;SART1;PDAP1;SMARCD2;ANXA6;SRSF9;SLC2A4RG;CFDP1;PFDN6;GFUS;POLD2;NFKBIB;SREBF1;LIMD2;PRPF31;GPS2;AURKAIP1;RBM42;TMEM259;XAB2;COPS7B;ITPKB;POLR2E;PEX5;ILKAP;SDF2L1;IRF3;BRMS1;H2AX;HNRNPK;STARD3;CORO1A;AAMP;CLPTM1;PPIB;TBL3;STK25;ADRM1;CNN2;NAA60;SIPA1;THAP7;SSRP1;PAF1;QTRT1;HDHD5;TP53,C7:IMMUNESIGDB,10.871062219550236,GSE9006_TYPE_1_VS_TYPE_2_DIABETES_PBMC_AT_DX_UP
Insulin / Glucose,GSE9006_HEALTHY_VS_TYPE_2_DIABETES_PBMC_AT_DX_UP,3.7542443945565584e-15,7.263646763381167e-13,0.9969862175331804,0.5787985113371688,2.3463689502921645,190,UQCRB;RPLP2;ATP5MC2;RPL37;ATP5F1E;BTF3;BBLN;ID2;COTL1;PFDN2;ATP5ME;SNRPF;PDLIM2;NDUFC1;EDF1;TNFRSF14;RDH14;BCL7C;TGFB1;SSBP3;ERH;MRPS15;EIF3F;MEAF6;YBX1;THOC6;SRP14;NDUFS8;NDUFB8;PPP1R14B;SUMO3;CHCHD3;SNF8;RALY;SEC61G;UCP2;CCDC85B;CD81;TLE5;DRAP1;PRCC;COX5A;TRAPPC2;ECSIT;ARPC4;HRAS;SLC25A1;PFN1;ATP5F1D;UBE2S;WDR18;CCDC22;MAP2K2;SLC52A2;APRT;GTF2F1;TAF10;REX1BD;EDEM2;NUTF2;CFL1;SF3B4;CDC37;MARCKSL1;TKT;PBX2;MRPL12;FBXL15;TSR3;SF3A2;SART1;VPS4A;PDAP1;SMARCD2;DDX49;ANXA6;SRSF9;RBCK1;CFDP1;RBM3;LIMD2;MDH2;PRPF31;GPS2;AURKAIP1;MYG1;XAB2;HSF1;AHCY;ELOC;COPS7B;POLR2E;ILKAP;HNRNPK;OSTF1;NDRG2;STARD3;NSMF;STK25;R3HCC1;ADRM1;NAA60;ATP5MC3;SSRP1;ATP1B3;TP53;PKN1,C7:IMMUNESIGDB,12.138845284041555,GSE9006_HEALTHY_VS_TYPE_2_DIABETES_PBMC_AT_DX_UP
Epithelial,LAKE_ADULT_KIDNEY_C4_PROXIMAL_TUBULE_EPITHELIAL_CELLS_S2,1.8006739703187874e-6,9.95403623343926e-5,0.6435518361507222,-0.5107089670449882,-1.9426692169413016,153,SHROOM3;NTN4;FKBP5;PPFIBP1;SOX6;AKAP12;ZBTB16;IGF1R;DLGAP1;DLG2;ZBTB20;ITGB8;TRIO;FARP1;WDFY3;KANSL1L;RNF213;PTPRG;GMDS-DT;NBEA;PATJ;ANK3;ANKRD26;MBD5;SYNE2;EPB41L4A;AGAP1;RAPGEF2;WWC1;RORA;ERRFI1;FMNL2;VPS13A;SBF2;KANSL1;VWA8;SAMD4A;DYNC2I1;DGKH;FHOD3;KLF6;BDP1;NFIB;TMEM178B;NEAT1;RETREG1;KANK1;RASAL2;PRUNE2;PLXDC2,C8,4.002000782724597,LAKE_ADULT_KIDNEY_C4_PROXIMAL_TUBULE_EPITHELIAL_CELLS_S2
Epithelial,LAKE_ADULT_KIDNEY_C3_PROXIMAL_TUBULE_EPITHELIAL_CELLS_S1_S2,4.126171804550581e-5,0.00150093715506131,0.557332238758646,-0.4487994325441394,-1.7615927393660449,184,FKBP5;PPFIBP1;MME;ZBTB16;IGF1R;KCNQ1OT1;DLG2;SLC4A4;ZBTB20;FGD4;FARP1;ANKRD11;CUBN;WDFY3;KANSL1L;SPAG9;PTPRG;GMDS-DT;RMST;ANKS1B;ASH1L;PATJ;TNRC6B;ANK3;ANKRD26;PCCA;PRRC2C;MBD5;SYNE2;NEDD4L;AGAP1;SRRM2;GOLGA4;PDZD2;RORA;AFDN;ERRFI1;VPS13A;ULK4;GOLGB1;VWA8;DYNC2I1;FHOD3;NFIB;NEAT1;EHBP1;KANK1;GPHN;PCLO;RABGAP1L;CSPP1;PLEKHA6;FRAS1;SCAPER;RBM47;PRUNE2;PLXDC2;CHD9;PTPRD;TEAD1;PLEKHA7;MACROD2;FTX;CNKSR3;ENOSF1;TNRC6A;ZBTB38,C8,2.8236374914885554,LAKE_ADULT_KIDNEY_C3_PROXIMAL_TUBULE_EPITHELIAL_CELLS_S1_S2
Epithelial,REACTOME_REGULATION_OF_EXPRESSION_AND_FUNCTION_OF_TYPE_II_CLASSICAL_CADHERINS,0.00962153843768128,0.09847650984238972,0.3807304007227924,-0.6170521463080452,-1.7059247333154444,24,ZEB2;SOX10;AGO2;CTNND1;TNRC6B;HOXC8;AGO3;TNRC6C;AGO1;TNRC6A,C2:CP:REACTOME,1.0066673518623936,REACTOME_REGULATION_OF_EXPRESSION_AND_FUNCTION_OF_TYPE_II_CLAS...
Epithelial,GAVISH_3CA_METAPROGRAM_EPITHELIAL_COLON_RELATED,0.00598882291920275,0.07171976808020328,0.40701791892395395,-0.5587800541437141,-1.7022985661806465,37,AGR2;HEPACAM2;MUC2;ZG16;ANKRD36C;F3;SLC12A2;ST6GALNAC1;SPINK4;FCGBP;DST,C4:3CA,1.1443611234831232,GAVISH_3CA_METAPROGRAM_EPITHELIAL_COLON_RELATED
Epithelial,REACTOME_DEVELOPMENTAL_LINEAGE_OF_MAMMARY_GLAND_MYOEPITHELIAL_CELLS,0.03649503351341791,0.23525287175477025,0.3217759180753611,-0.6293636925780404,-1.5650661479004089,16,ALDH1A1;MME;MYH11;ITGA6;EGF,C2:CP:REACTOME,0.6284650663932122,REACTOME_DEVELOPMENTAL_LINEAGE_OF_MAMMARY_GLAND_MYOEPITHELIAL_...
Epithelial,BLANCO_MELO_BRONCHIAL_EPITHELIAL_CELLS_INFLUENZA_A_INFECTION_UP,0.00961584104971854,0.09847650984238972,0.3807304007227924,-0.4055717982907352,-1.4919432961832333,114,ZBED6;CRYBG3;ERN1;TFRC;CDYL2;HLA-F;HERC6;LNPEP;LIFR;MACF1;HELZ2;ZKSCAN8;IGF2R;CSF1;SLC5A3;HACD2;UBXN7;H2BC8;HERC5;NLRC5;SEL1L;TMEM140;NBEAL1;IRF9;BIRC3;DDI2;PTGS1;LINC01089;ITPR1;HEPHL1;ZNF778;MED13;KBTBD8;RAD54L2;ASXL2;SEC24A;ZNF441;EIF2AK2;MIB1;AOC2;UGDH;ETV3;TTBK2;EGFR;MAN2A1;RESF1;MAN1A2;NR1D2;IPO11;SLC30A1;ROCK2;ZKSCAN1;ZBTB10;RALGAPA2;ZNF736;TNFAIP3;GTF3C4;DPP4;PARP9;ITGAV,C2:CGP,1.0066673518623936,BLANCO_MELO_BRONCHIAL_EPITHELIAL_CELLS_INFLUENZA_A_INFECTION_UP
Epithelial,GSE5542_UNTREATED_VS_IFNA_TREATED_EPITHELIAL_CELLS_6H_UP,0.00596384226226237,0.07153395705409042,0.40701791892395395,-0.3836720518849118,-1.4701546162545482,157,NIBAN1;LRIG1;ZEB2;NABP1;FMO5;ERN1;AHNAK;IGSF9B;SH2B3;C1orf21;RUBCN;PAK3;NPC1;MYBL1;NBEAL2;HEATR9;ARAP2;MERTK;SEC24C;CHST11;RYR2;SLC7A11;ITGB1,C7:IMMUNESIGDB,1.1454877503613687,GSE5542_UNTREATED_VS_IFNA_TREATED_EPITHELIAL_CELLS_6H_UP
Epithelial,LAKE_ADULT_KIDNEY_C5_PROXIMAL_TUBULE_EPITHELIAL_CELLS_STRESS_INFLAM,0.00256515080277992,0.03897828669282377,0.4317076958033464,-0.33669208403481493,-1.4135649915035764,343,RIN2;ANPEP;FKBP5;SLC26A3;MOGAT1;MME;ADAMTS8;ZBTB16;DLG2;SLC4A4;MDN1;TIMM23B;FGD4;ZBED3-AS1;NCOR1;ANKRD11;ACACB;CUBN;ALDH6A1;ABAT;FSIP1;ATXN7L1;MYRIP;GON4L;PPM1L;LINC03124;PTPRG;AQP4-AS1;EOLA2-DT;GMDS-DT;RRH;ANKS1B;TNRC6B;KAT6B;PRRC2C;ADGRV1;WDR19;RGL3;OTUD7A;PRLR;XPC;SRRM2;RNF212B;TAPT1-AS1;EOLA1-DT;PDZD2;RORA;LENG8;PRKCE;ULK4;GOLGB1;DIP2B;TNRC6C;CHD6;ARHGAP42;DYNC2I1;CLTC;NFIX;NRSN2-AS1;KMT2B;GUSBP11;WIPF1;ATP2A2;NSUN6;CREBBP;SLC16A10;KIAA1671;SMG6;RNF115;CSPP1;PLEKHA6;FRAS1;RBM47;UBE4B;PRUNE2;GADD45A;GHR;NFIC;IGF2BP2;PLEKHA7;MACROD2;PAPPA2;ENOSF1;AK4;TNRC6A;PDHX;ARID4A;NT5C2;EPHA8;SHANK2;CACNA1D;TANC2;ZHX3;KDM2A;DNAH2;LARP1;FMN1;THOC2;BICDL1;OPTN;BCOR;ZFC3H1;OPHN1;ZC3H13;FRMD4A;ZMAT1;PAX8;AKAP13;ZNF91;RAB11FIP3;UBN1;BAZ2A;SORBS2;SLC7A7;LRP2;SIPA1L3;CHD2;CYTH1;CCDC191;PGCKA1,C8,1.4091772543976016,LAKE_ADULT_KIDNEY_C5_PROXIMAL_TUBULE_EPITHELIAL_CELLS_STRESS_I...
Epithelial,BLANCO_MELO_BETA_INTERFERON_TREATED_BRONCHIAL_EPITHELIAL_CELLS_UP,0.01760847598372479,0.14538013826459448,0.35248785758361917,-0.32481293059277194,-1.337589423688525,301,NRCAM;B4GALNT2;ZBED6;MALT1;REPS2;AXL;LINC-PINT;SNORD17;TFRC;SLC16A4;RAPH1;MLKL;LNPEP;PABIR3;ELK4;PTGS2;NPC1;TMEM106A;HELZ2;CD274;CSF1;HIPK3;ZCCHC2;CNTN3;PTAFR;IRF1;GNAT2;CFLAR;NLRC5;TMEM140;PDZD2;GDF15;IRF9;BIRC3;SLC7A11;PANX1;WNT9A;LMO2;ZNF800;HEPHL1;PARP12;KLF6;GNB4;WIPF1;ABCA1;MED13;SP100;CADPS2;KCNQ3;SEC24A;ELOVL7;FAS;EIF2AK2;CPEB2;RO60;ZC3H12C;TXNRD1;KDM7A;TRIM56;TRPV3;UGDH;XRN1;DDX3X;CDK17;SLC2A12;IL15RA;ZNF107;PHLDA1;ATP13A3;STARD4;GPAT3;RIF1;HYCC2;ITGA1;FEM1C,C2:CGP,0.8374949224404551,BLANCO_MELO_BETA_INTERFERON_TREATED_BRONCHIAL_EPITHELIAL_CELLS_UP
Epithelial,DESCARTES_FETAL_LUNG_CILIATED_EPITHELIAL_CELLS,0.02009086387527667,0.15865899599819197,0.35248785758361917,-0.31461602417797657,-1.3075514936146797,318,CAPN8;AGR3;DNAH7;EFCAB12;LNC-LBCS;FBXL13;GOLGA2P5;SLC22A4;IQUB;NME9;NAT1;DCDC2B;CEP126;ECT2L;OMG;KATNIP;DNAH11;CFAP70;ARMC3;MAK;FSIP1;PLEKHG7;SPATA33;TTC41P;FAM227A;FOXN4;ALDH3B1;CCDC74B;ZNF584;KCNRG;CFAP126;TTLL6;LRGUK;ARMC2;ZC2HC1C;NEK10;ASB14;SAMD15;HYDIN;EFCAB6;DCDC1;ZDHHC11;C22orf15;IFT56;DNAH1;CIMIP2B;IQCH;GLTC1;CCDC17;ULK4;LRP2BP;PLPPR3;EFCAB10;CDNF;DLEC1;C21orf58;SPMIP6;RPGR;WDR93;KIF23-AS1;TMEM67;RNF32;CSPP1;CCNO;LCA5L;LPAR3;CFAP251;RWDD3-DT;CFAP43;CROCC2;DNAL1;C10orf95;TMEM190;USP2-AS1;DNAH3;AXDND1,C8,0.7995352982776534,DESCARTES_FETAL_LUNG_CILIATED_EPITHELIAL_CELLS
Epithelial,GSE10240_CTRL_VS_IL17_STIM_PRIMARY_BRONCHIAL_EPITHELIAL_CELLS_UP,0.02738032327779652,0.19248410519146053,0.35248785758361917,0.3238315653208865,1.300758333536962,185,RPL23A;MFAP2;CLSTN2;TCEAL8;RPL28;CFAP68;SNHG8;SLC29A3;TGM2;TM4SF5;SMAD6;HPRT1;RPLP0;HEXIM2;MRPL47;UBE2Q1;NRM;PECR;LITAF;CHAC1;PTPN20;TCEAL1;GAREM1;BMP1;CAV2;CTNNBL1;AUNIP;ISCA2;ANXA9;PHPT1;CCN1;CTSF;MZT2B;DTNBP1;TMEM106C;GOLPH3L,C7:IMMUNESIGDB,0.7156051275198871,GSE10240_CTRL_VS_IL17_STIM_PRIMARY_BRONCHIAL_EPITHELIAL_CELLS_UP
Epithelial,BLANCO_MELO_BETA_INTERFERON_TREATED_BRONCHIAL_EPITHELIAL_CELLS_DN,0.02386276775335618,0.17698219417072503,0.35248785758361917,0.3316809041494841,1.3099551790825286,163,ANKRD22;VAV3;CRABP2;HOPX;KLK11;ATP12A;DGAT2;CNFN;EFNA4;CEACAM5;EFNA3;CALB1;LYPD3;NGEF;SULT2B1;PPFIBP2;RASAL1;RHOBTB1;RHOV;SERF2;RMI2;ANXA9;ECM1;ATP6V1E2;SMO;DEGS2;GDPD3;CXXC5;CSTB;TEDC1;HEY1,C2:CGP,0.7520704249511108,BLANCO_MELO_BETA_INTERFERON_TREATED_BRONCHIAL_EPITHELIAL_CELLS_DN
Epithelial,GAVISH_3CA_METAPROGRAM_EPITHELIAL_EMT_LIKE_1,8.090003963379561e-4,0.01661562352478725,0.47727081536286214,0.5599670726178986,1.8277833143906752,46,CRYAB;PDLIM1;TGFBI;IFITM3;ACTA2;TPM2;TIMP1;IGFBP2;POSTN;LAMB3;TNFRSF12A;LGALS1;MYL9;ITGB4;CCN1;MT1E;S100A2;SFN;LAMC2;DCN,C4:3CA,1.7794833565644206,GAVISH_3CA_METAPROGRAM_EPITHELIAL_EMT_LIKE_1
Epithelial,HINATA_NFKB_TARGETS_KERATINOCYTE_DN,9.88543656386378e-4,0.01929394417069904,0.45505986738722953,0.7086003181301087,1.8599232600151177,18,HOPX;CEACAM6;PALM;CALB1;SULT2B1;RUNX1;RGS2,C2:CGP,1.7145789824921935,HINATA_NFKB_TARGETS_KERATINOCYTE_DN
Epithelial,HALLMARK_EPITHELIAL_MESENCHYMAL_TRANSITION,1.1595045785248466e-6,6.849285895268453e-5,0.6435518361507222,0.4661337829182235,1.870832062205927,178,COMP;CCN2;TFPI2;SDC1;INHBA;PCOLCE;EDIL3;TNC;FBLN1;SNAI2;BGN;NTM;ID2;PDGFRB;DKK1;BDNF;CDH2;TGM2;MGP;TGFBI;GPX7;COL5A2;CTHRC1;APLP1;ACTA2;GEM;TPM2;TIMP1;MEST;THY1;COL4A1;IGFBP2;GJA1;TGFB1;CD59;POSTN;HTRA1;TNFRSF12A;TPM4;LGALS1;COL5A3;BMP1;MYL9;SERPINH1;ENO2;COL1A2;SAT1;CCN1;ECM1;THBS2;COL6A2;COL4A2;PFN2,H,4.16435470557487,HALLMARK_EPITHELIAL_MESENCHYMAL_TRANSITION
Epithelial,GOBP_EPITHELIAL_CELL_MORPHOGENESIS,5.655902606254996e-4,0.01270080736644309,0.47727081536286214,0.6185861190170361,1.8709676465283671,33,ID1;RILPL2;RAB25,C5:GO:BP,1.8961686708829193,GOBP_EPITHELIAL_CELL_MORPHOGENESIS
Epithelial,GAUTAM_EYE_CORNEA_TGFBI_HIGH_EPITHELIAL_CELLS,1.211043251770655e-6,7.090976934709757e-5,0.6435518361507222,0.5327885503212221,1.9943473781310237,104,C12orf75;LSM5;TMEM14A;HRK;TGM2;ASS1;ELOB;PRDX1;MRPS6;ATP23;ATP5MJ;UBE2C;ASCL2;HERPUD1;PRDX2;PTGES;LSM3;IFT25;C16orf74;ATP5MF;GPM6A;SMIM30;KLF10;MRPS10;DDIT3;CAV2;DUSP23;ITGB4;MT1E;CPAMD8;EXOSC7;PRDX5;ATP5PF;TPD52L1;H2AZ1;TUBB;DYNLRB1,C8,4.149293927281586,GAUTAM_EYE_CORNEA_TGFBI_HIGH_EPITHELIAL_CELLS
Epithelial,GAVISH_3CA_METAPROGRAM_EPITHELIAL_INTERFERON_MHC,4.889016032064407e-5,0.00174281345869318,0.557332238758646,0.6387597130135022,1.9974314578961725,39,ID1;ID3;VAMP5;HLA-DPB1;BST2;RAMP2;MGP;IFITM1;TMSB10;IFITM3;A2M;FKBP1A;LGALS1;CRIP2,C4:3CA,2.7587490949299878,GAVISH_3CA_METAPROGRAM_EPITHELIAL_INTERFERON_MHC
Epithelial,GAVISH_3CA_METAPROGRAM_EPITHELIAL_MYC,4.179122919656842e-5,0.00151606768960377,0.557332238758646,0.6139729067236965,2.0158412452698866,47,EEF1E1;FABP5;EBPL;NPM3;TOMM22;EIF4EBP1;F12;NOP16;FBL;MRPL24;C1QBP;NME1;GCSH;SRM;BZW2;TKT;MRPS12;MRPL12;ALG3;MRPL3;NIFK;POLD2;MYC;REG4;AHCY;PRMT1;STOML2;NOB1;ISOC2;EXOSC5;RSL1D1,C4:3CA,2.8192814078298727,GAVISH_3CA_METAPROGRAM_EPITHELIAL_MYC
Epithelial,GAVISH_3CA_METAPROGRAM_EPITHELIAL_EPI_2,4.438736793144089e-7,2.933521593488791e-5,0.674962860011025,0.7188507294514173,2.20248903292799,36,CD24;KRT7;TSPAN8;ANXA1;LY6E;S100A14;S100A6;KRT19;TACSTD2;MGLL;IFITM3;SOD3;TIMP1;IGFBP2;S100A2;S100A4;ATP1B1;PCSK1N;PTH1R;ANXA2;PERP;S100A11;ITM2C;CLDN7,C4:3CA,4.532610710618432,GAVISH_3CA_METAPROGRAM_EPITHELIAL_EPI_2
Epithelial,GAVISH_3CA_METAPROGRAM_EPITHELIAL_EPISEN,1.5951676472095633e-7,1.1668760597395985e-5,0.6901324587967956,0.8282809485226287,2.272814081679133,22,CD24;CRABP2;KLK11;TMEM45A;RAB25;FABP5;DMKN;GLTP;PDZK1IP1;LYPD3;GJB2;SULT2B1;PKP1;MAL2;KRT10,C4:3CA,4.932975270286835,GAVISH_3CA_METAPROGRAM_EPITHELIAL_EPISEN
Epithelial,ENK_UV_RESPONSE_KERATINOCYTE_UP,5.901869761311069e-23,2.2194355299578247e-20,1.237896673195293,0.5143098196956575,2.299037502676958,466,BTG1;TRIB1;RPL14;KRT7;BAMBI;CX3CL1;CCN2;CRABP2;LY6E;KLK11;HMGCS2;RACK1;CRYAB;RPS15;RPL19;RPS11;RPL18A;RGS16;RPL28;RPS3;RPL12;BTF3;MRPL23;OVOL1;POLR2I;RPL18;EIF3K;RPL10;RPL10A;DKK1;SPINK1;RPL29;EIF3I;CD99;TGM2;FAU;PHLDA2;TACSTD2;ECH1;LYPD3;APOE;RND3;ELOB;RPS5;TOB1;GPX4;SULT2B1;PLPP2;NME4;BUD31;RPL8;H3C10;BTG3;RPS21;FMNL1;GEM;NME2;POLR2L;TRIM29;PRDX2;TNNT1;CHMP2A;HMGA1;RPL35;TGFB1;ZNHIT1;EIF1;COX6B1;SERPINB6;DPM2;IER2;CDK5;GPR143;EIF3F;SELENOW;YBX1;TECR;GDI1;LGALS1;GUK1;TRIM15;NEDD8;ECHS1;MSI1;NDUFS8;COX6A1;PSMB7;ERCC1;SORBS3;UBXN1;IRF5;IER3;KRT18;ATP6V0E1;PSME1;HSPB1;RALY;CCN1;ATP6V1F;TRPV6;PPP1CA;SURF1;CKMT1B;BANF1;EIF3G;ST7;ECM1;DRAP1;VAMP8;ATF4;EMD;COX5B;MAGED2;DGAT1;RABAC1;EIF4E2;BPGM;PSMB8;SMAD7;QPCT;HPCA;IDH3B;SMPD1;AP2S1;PFN1;UBB;ATP5F1D;BSG;UBE2M;PSMB4;OAZ1;RFC2;NDUFB7;CLTA;GABARAP;CCNI;ISG15;UBE2D3;RHOD;SSR4;APRT;TUFM;DUSP14;RPS9;ENO1;CDK16;ERGIC3;CYC1;PTH1R;HBEGF;ANXA2;TIMM17B;FAM50A;CFL1;SF3B4;CDC37;TAF7;SDC4;PPP1R11;CAPG;LY6G6C;MGMT;EVX1;MRPS12;CIB1;KLK1;S100A11;PHB2;COPE;GNB2;PEPD;HCCS;PMVK;COMT;TRAF4;PLD1;BCKDK;TUBB4B;ATP6V0B;GABARAPL2;MNAT1;EIF3C;PSMB3;POLB;PPP2R1A;MAP1LC3B;SLC25A14;UQCRC1;DHRS2;JUP;HLA-E;DXO;GPS2;TIMM17A;GTF2B;EIF6;PSMD8;NECTIN2;TXN2;TGIF1;C1R;HNF1B;JTB;EMP3;SARS1;STOML2;NPR1;H2BC11;SEPTIN5;ZNF165;EIF1B;SUPT4H1;CEBPB;MOAP1;BLVRB;SCAMP3;NTHL1;ALDOA;NR4A2;CKB,C2:CGP,19.653757465817808,ENK_UV_RESPONSE_KERATINOCYTE_UP
Epithelial,GAVISH_3CA_METAPROGRAM_EPITHELIAL_RESPIRATION,2.423953535461057e-9,2.442247524407933e-7,0.7749390301364363,0.7358512524951415,2.3823280107997338,45,CD24;S100A6;ATP5MK;ATP5PD;UQCRH;ATP5PO;MRPS6;COX8A;NDUFS6;LDHB;PRDX2;DUSP9;CYSTM1;COX6B1;BEX3;GSTM3;NDUFA1;ATP5MC1;MPC1;ATP5MG;COX5B;COX5A;NDUFB1;ATP1B1;ATP5PF;ATP5F1C;ENO1;COX7B;SLC25A5;PEBP1,C4:3CA,6.612210321948559,GAVISH_3CA_METAPROGRAM_EPITHELIAL_RESPIRATION
Epithelial,LAKE_ADULT_KIDNEY_C7_PROXIMAL_TUBULE_EPITHELIAL_CELLS_S3,6.459059404806255e-21,2.210985719337526e-18,1.1866509527928102,0.7079227532315564,2.7085011811206714,124,RPL34;RPLP2;RPL14;RPL7;RPS12;RPL11;RPL6;RPS4X;RPLP1;RPS23;RPL27A;RPS25;RPS20;RPL31;RPS15;RPL23;RPL19;RPS11;RPL37;RPL4;RPS8;RPS14;RPS27A;RPL24;RERG;RPS24;RPS19;RPS16;RPL3;S100A6;ATP5F1E;RPL38;RPL12;RPL5;RPL7A;RPL37A;RPS13;RPS18;COX7C;RPL18;RPL13A;RPS28;PDZK1IP1;TPT1;FTL;RPL27;RPL32;TMSB10;NPM1;RPL8;RPL13;RPS21;RPL35A;EEF1A1;RPS6;RPS3A;RPSA;COX4I1;RPL35;SERF2;PTMA,C8,17.655414062501766,LAKE_ADULT_KIDNEY_C7_PROXIMAL_TUBULE_EPITHELIAL_CELLS_S3
Metabolism,KEGG_RETINOL_METABOLISM,1.5689624749404247e-4,0.00457828394326878,0.5188480777437918,-0.6700768076382629,-1.9433109801022477,31,ALDH1A1;UGT1A1;UGT1A3;UGT2B28;UGT2B11;UGT2B4;CYP2A6;CYP1A1,C2:CP:KEGG_LEGACY,2.339297276062797,KEGG_RETINOL_METABOLISM
Metabolism,KEGG_DRUG_METABOLISM_OTHER_ENZYMES,1.5918666327945967e-4,0.00461152236534399,0.5188480777437918,-0.6694838452365265,-1.9415913110539431,31,UGT1A1;UGT1A3;UGT2B28;UGT2B11;NAT1;UGT2B4;CYP2A6,C2:CP:KEGG_LEGACY,2.3361556807436674,KEGG_DRUG_METABOLISM_OTHER_ENZYMES
Metabolism,WP_OMEGA6FATTY_ACIDS_IN_SENESCENCE,2.9378483522675e-4,0.00756418042483531,0.49849310876659025,-0.6161412924405425,-1.9415675511667212,45,CYP4F8;ALDH1A1;ELOVL2;ELOVL5;SLCO2A1;PTGS2;ALOX12,C2:CP:WIKIPATHWAYS,2.1212381206815913,WP_OMEGA6FATTY_ACIDS_IN_SENESCENCE
Metabolism,KEGG_ASCORBATE_AND_ALDARATE_METABOLISM,9.91927939173456e-4,0.01932728988880065,0.45505986738722953,-0.7787881099201746,-1.900232664128762,15,UGT1A1;UGT1A3;UGT2B28;UGT2B11;UGT2B4,C2:CP:KEGG_LEGACY,1.7138290393421172,KEGG_ASCORBATE_AND_ALDARATE_METABOLISM
Metabolism,GARGALOVIC_RESPONSE_TO_OXIDIZED_PHOSPHOLIPIDS_TURQUOISE_UP,1.4114947877509344e-4,0.0041967606718207,0.5188480777437918,-0.5470492068395895,-1.8892316321357647,77,SGK1;TIPARP;MAP1B;ERN1;GPCPD1;AGO2;CLIP2;SMG1;PTP4A1;ZNF697;GAN;HIPK3;ZCCHC2;MERTK;CFLAR;GDF15;RORA;SLC7A11;FOSL2;PALM2AKAP2;KLF6;ARHGAP5;PANK3;SLC4A7;SLC25A25;EMP1;TNPO1;DIDO1;CREBRF;CNKSR3;CDC42EP2;AFF4,C2:CGP,2.377085796542914,GARGALOVIC_RESPONSE_TO_OXIDIZED_PHOSPHOLIPIDS_TURQUOISE_UP
Metabolism,WP_OMEGA3_OMEGA6_FATTY_ACID_SYNTHESIS,0.00172381782029091,0.02923317996015244,0.45505986738722953,-0.7608295017517914,-1.8564138982678535,15,ELOVL2;ACSL3;ELOVL5,C2:CP:WIKIPATHWAYS,1.5341239398929902,WP_OMEGA3_OMEGA6_FATTY_ACID_SYNTHESIS
Metabolism,WP_OMEGA9_FATTY_ACID_SYNTHESIS,0.00214399035996535,0.03429870737631812,0.4317076958033464,-0.7667867009818369,-1.8457379616243457,14,ELOVL2;ACSL3;ELOVL5;FASN,C2:CP:WIKIPATHWAYS,1.4647222470100139,WP_OMEGA9_FATTY_ACID_SYNTHESIS
Metabolism,KEGG_STARCH_AND_SUCROSE_METABOLISM,0.00296791983315041,0.0435403623874264,0.4317076958033464,-0.6123748076379528,-1.811280266815435,33,UGT1A1;UGT1A3;PYGB;UGT2B28;UGT2B11;UGT2B4,C2:CP:KEGG_LEGACY,1.3611079606370318,KEGG_STARCH_AND_SUCROSE_METABOLISM
Metabolism,KEGG_DRUG_METABOLISM_CYTOCHROME_P450,0.00362278632327101,0.04983430954731376,0.4317076958033464,-0.5605909682778701,-1.7253855616575553,40,UGT1A1;UGT1A3;MAOA;FMO5;UGT2B28;UGT2B11;UGT2B4;CYP2A6,C2:CP:KEGG_LEGACY,1.3024715544968273,KEGG_DRUG_METABOLISM_CYTOCHROME_P450
Metabolism,WP_RETINOL_METABOLISM,0.00780752817100484,0.08610532927130493,0.40701791892395395,-0.7361814677843761,-1.7098360489910327,12,ALDH1A1;CYP2A6;CYP2W1;CYP1A1,C2:CP:WIKIPATHWAYS,1.0649699681573255,WP_RETINOL_METABOLISM
Metabolism,REACTOME_ALPHA_LINOLENIC_OMEGA3_AND_LINOLEIC_OMEGA6_ACID_METABOLISM,0.01135075242123405,0.10976642145851116,0.3807304007227924,-0.6987767917865775,-1.6526658831166614,13,ELOVL2;ELOVL5,C2:CP:REACTOME,0.9595304941808595,REACTOME_ALPHA_LINOLENIC_OMEGA3_AND_LINOLEIC_OMEGA6_ACID_METAB...
Metabolism,GOBP_ALPHA_LINOLENIC_ACID_METABOLIC_PROCESS,0.01212290091884297,0.11417335256899735,0.3807304007227924,-0.7357819584231788,-1.6492943914962517,10,ELOVL2;ELOVL5,C5:GO:BP,0.9424352462009756,GOBP_ALPHA_LINOLENIC_ACID_METABOLIC_PROCESS
Metabolism,GOMF_GLUTATHIONE_PEROXIDASE_ACTIVITY,0.00104501999046889,0.0200878572681926,0.45505986738722953,0.6766469745753139,1.7868719003808928,19,GPX7;GPX4;CLIC2;CP;PTGES;MGST3;GSTZ1;GSTK1;MGST2;GPX8;PRDX6,C5:GO:MF,1.6970663861103754,GOMF_GLUTATHIONE_PEROXIDASE_ACTIVITY
Metabolism,REACTOME_SYNTHESIS_OF_BILE_ACIDS_AND_BILE_SALTS_VIA_27_HYDROXYCHOLESTEROL,0.00187845583675442,0.03105558566027436,0.45505986738722953,0.7833163122524547,1.8044523199239388,11,AKR1C2;AKR1C1;AKR1C3;NR1H4;AKR1C4,C2:CP:REACTOME,1.5078602762195223,REACTOME_SYNTHESIS_OF_BILE_ACIDS_AND_BILE_SALTS_VIA_27_HYDROXY...
Metabolism,GOBP_RRNA_METABOLIC_PROCESS,1.2118588329381014e-8,1.096834943710078e-6,0.7477396631498854,0.4373850254857352,1.868953976711349,283,RPL14;RPL7;RPL11;RPS25;RPS15;RPS8;RPS14;RPS24;RPS19;RPS16;RPL26;RPS27;RPL5;RPL7A;NSA2;RPS28;RPL27;NOP53;FDXACB1;COPRS;POLR2K;RPS21;RPL35A;RPS6;POLR1H;POLR2L;IMP3;NPM3;RPP25;GTF3A;AATF;RPL35;C1D;METTL5;YTHDF2;POP7;RPS7;NHP2;SNU13;MACROH2A2;POLR1D;FBL;IMP4;NOL7;TRMT112;EXOSC7;RNF10;ERI3;WDR18;WDR74;RPF1;UTP18;LSM6;POLR2H;SMARCB1;BUD23;POP5;PIN4;PIH1D1;PELP1;TRIR;POLR1C;NOL11;EXOSC4;TSR2;FBLL1;TSR3;SART1;DDX49;METTL18;BYSL;NIFK;NSUN5;DEDD;AK6;POP4;ANG;RRP1;CAVIN1;EMG1;MYC;EXOSC1;NOP10;EIF6;MRM3;MYG1;UTP11;DCAF13;GAR1;PES1;POLR2E;MRTO4;RPUSD4;ABT1;RPUSD2;SBDS;GTF3C6;RPP30;DDX56;GTF2H5;NOB1;POLR1E;EXOSC5;POLR2F;TBL3;WDR77;PA2G4;WDR46;NGDN;REXO4;RPUSD1;RRP36;GTF3C2;LAS1L;SLX9,C5:GO:BP,5.959858721950564,GOBP_RRNA_METABOLIC_PROCESS
Metabolism,GOBP_RESPONSE_TO_FATTY_ACID,2.3065761581154455e-4,0.00620822413525024,0.5188480777437918,0.5660997482963342,1.8789948940938517,52,AKR1C2;AKR1C1;HMGCS2;ID3;AKR1C3;DGAT2;FFAR2;HES1;PRKCD;ASS1;NR1H4;AKR1C4;CLDN1;UCP2;CPT1A;BOLA3,C5:GO:BP,2.207032612151734,GOBP_RESPONSE_TO_FATTY_ACID
Metabolism,GAVISH_3CA_METAPROGRAM_B_CELLS_METABOLISM_MYC,1.662409715117529e-7,1.2094370406985836e-5,0.6901324587967956,0.676709414381979,2.2325558563795567,49,SNRPE;FABP5;PPA1;PRDX1;RPL22L1;SNRPF;NME2;LDHB;LDHA;HMGA1;TXN;ERH;TPI1;NHP2;VDAC1;SNRPD1;ATP5MC1;CCT6A;PSME2;C1QBP;TUBB;NME1;APRT;ENO1;RAN;TIMM13;HSPE1;SYNGR2;EIF5A;PSMB3;NDUFAB1;HNRNPAB;PRMT1;PGAM1;PRELID1;PA2G4;PKM;CCT3,C4:3CA,4.91741673465131,GAVISH_3CA_METAPROGRAM_B_CELLS_METABOLISM_MYC
Metabolism,WP_OXIDATIVE_PHOSPHORYLATION,1.3407053098677311e-8,1.2093524247793383e-6,0.7477396631498854,0.6818759510728674,2.3010702892836923,57,ATP5MC2;ATP5F1E;NDUFS4;NDUFS5;ATP5PD;MT-ND1;ATP5PO;NDUFB10;ATP5ME;NDUFB4;NDUFB9;NDUFC1;NDUFS6;NDUFA3;ATP5MF;NDUFA10;NDUFS8;NDUFB8;ATP5MC1;NDUFA6;NDUFA11;MT-ND2;NDUFA8;NDUFB5;NDUFA9;ATP5MG;NDUFB1;ATP5F1D;ATP5PF;NDUFB2;NDUFB7;MT-ND3;ATP5PB;NDUFS3;NDUFC2;NDUFA2;NDUFB6;NDUFV1;ATP6AP1;NDUFAB1;NDUFS2;NDUFS7;MT-ND4;MT-ND6,C2:CP:WIKIPATHWAYS,5.917447120286231,WP_OXIDATIVE_PHOSPHORYLATION
Metabolism,REACTOME_METABOLISM_OF_AMINO_ACIDS_AND_DERIVATIVES,5.479257199798885e-23,2.089945246209003e-20,1.237896673195293,0.5732401674984046,2.4745557770199698,319,RPL34;RPLP2;RPL14;RPL23A;RPL39;RPL7;RPS12;RPL11;RPL6;RPS4X;RPLP1;RPS23;EEF1E1;PAPSS1;RPL27A;RPS25;RPS20;PNMT;SEM1;RPL31;RPS15;RPL23;RPL19;RPS11;RPL41;RPL37;RPL4;RPS4Y1;RPL22;RPS8;RPS14;RPS27A;RPL24;RPL18A;RPS24;RPS19;RPS16;RPL3;RPL28;RPS15A;RPL38;RPS3;RPL26;RPS27;RPL12;RPL5;RPL7A;RPL37A;RPS13;RPS18;RPL18;RPL10;UBA52;RPS2;RPL10A;RPL29;RPL13A;INMT;RPS28;FAU;ASS1;RPL27;RPL32;RPS29;RPS5;RPL30;RPL36;RPL22L1;FOLH1;RPLP0;RPL15;RPL8;PHGDH;RPL13;RPS21;RPL35A;RPS6;RPS27L;RPS3A;RPSA;QDPR;RPL35;RIDA;PCBD1;CRYM;SLC5A5;ARG2;PSMA1;PSMC5;CGA;RPS7;GSTZ1;ECHS1;SLC6A11;PSMB7;DDC;HNMT;ETHE1;RPL9;SAT1;TSTD1;CKMT1B;PSMB2;NMRAL1;RPL26L1;KGD4;PSPH;PSMB6;RPS26;AADAT;HSD17B10,C2:CP:REACTOME,19.679865091678796,REACTOME_METABOLISM_OF_AMINO_ACIDS_AND_DERIVATIVES
Metabolism,HALLMARK_OXIDATIVE_PHOSPHORYLATION,4.5600403077990786e-18,1.2298290527094486e-15,1.095929286431201,0.610910768752698,2.4906849123233967,198,UQCRB;ATP5MC2;COX6C;ATP5F1E;NDUFS4;COX7C;UQCR10;ATP5PD;UQCRH;ATP5PO;VDAC2;ECH1;ATP5ME;NDUFB3;GPX4;NDUFB4;NDUFC1;COX8A;NDUFS6;TIMM9;NDUFA3;LDHB;ATP6V1D;LDHA;COX4I1;COX17;MGST3;MRPL11;SDHD;ATP5MF;COX6B1;MRPS15;VDAC1;ATP6V1G1;TOMM22;ECHS1;NDUFA1;NDUFS8;COX6A1;NDUFB8;ETFB;ATP5MC1;ATP6V0E1;NDUFA6;ATP6V1F;PHYH;CPT1A;SURF1;MPC1;GPI;NDUFA8;NDUFB5;NDUFA9;BDH2;IDH3G;NQO2;FDX1;ATP5MG;COX5B;HSD17B10;COX5A;NDUFB1;IDH3B;ATP1B1;ATP5F1D;ATP5PF;ATP5F1C;NDUFB2;NDUFB7;UQCRQ;COX7B;ATP5PB;ACAA2;CYC1;NDUFS3;SLC25A5;NDUFC2;RHOT1;SLC25A3;TIMM13;NDUFA2;SDHB;OXA1L;DECR1;MRPL34;MRPS12;ECI1;PHB2;COX7A2;SLC25A20;NDUFB6;NDUFV1;PDHA1;UQCRFS1;SLC25A6;HCCS;COX15;UQCR11;ATP6AP1;TIMM8B;ATP6V0B;UQCRC1;SLC25A4;ETFA;NDUFAB1;COX7A2L;MDH2;TIMM17A;NDUFS2;NDUFS7;ISCU;TIMM10;MDH1;MTX2;TIMM50,H,14.910155251669998,HALLMARK_OXIDATIVE_PHOSPHORYLATION
Metabolism,GOBP_OXIDATIVE_PHOSPHORYLATION,4.628683646028872e-16,9.966601076529909e-14,1.027669870543582,0.6506796301289303,2.5206059750073138,135,UQCRB;COX6C;ATP5F1E;NDUFS4;UQCRHL;MT-CO3;NDUFS5;COX7C;UQCR10;ATP5PD;UQCRH;NDUFA12;NDUFB11;MT-ND1;BID;ATP5PO;NDUFB10;ATP5ME;NDUFB3;NDUFB4;NDUFB9;NDUFC1;COX8A;NDUFS6;NDUFA3;COX4I1;SHMT2;SDHD;ATP5IF1;ATP5MF;PARK7;UQCC3;COX6B1;MT-CO1;NDUFA10;NDUFA1;NDUFS8;COX6A1;NDUFB8;DGUOK;NUPR1;ANTKMT;MT-CO2;NDUFA6;NDUFA11;MT-ND2;DNAJC30;NDUFA8;NDUFB5;NDUFA9;ATP5MG;COX5B;COX5A;NDUFB1;MIR210;MT-CYB;ETFRF1;ATP5F1D;ATP5PF;ATP5F1C;NDUFB2;SDHAF2;NDUFB7;RHOA;UQCRQ;MT-ND3;COX7B;ATP5PB;CYC1;NDUFS3;MTCO2P12;NDUFC2;NDUFA2;SDHB;UQCC2;COX7A2;NDUFB6;NDUFV1;UQCRFS1;UQCR11;UQCRC1;CDK1;NDUFAB1;COX7A2L;MTCH2;NDUFS2;NDUFS7;ISCU;MT-ND4;CHCHD2;MT-ND6;STOML2;TMEM135,C5:GO:BP,13.001452924474984,GOBP_OXIDATIVE_PHOSPHORYLATION
Metabolism,KEGG_OXIDATIVE_PHOSPHORYLATION,1.574128011481821e-17,3.820837991505874e-15,1.0768681926198325,0.6921472801773823,2.629441327698636,118,UQCRB;ATP12A;ATP5MC2;COX6C;ATP5F1E;NDUFS4;UQCRHL;MT-CO3;NDUFS5;COX7C;UQCR10;ATP5PD;UQCRH;MT-ND1;ATP5PO;NDUFB10;PPA1;ATP5ME;NDUFB3;NDUFB4;NDUFB9;NDUFC1;COX8A;NDUFS6;NDUFA3;ATP6V1D;COX4I1;COX17;SDHD;ATP5MF;COX6B1;MT-CO1;ATP6V1G1;NDUFA10;NDUFA1;NDUFS8;COX6A1;NDUFB8;ATP5MC1;MT-CO2;ATP6V0E1;NDUFA6;NDUFA11;ATP6V1F;MT-ND2;NDUFA8;ATP6V1E2;NDUFB5;NDUFA9;ATP5MG;COX5B;PPA2;COX5A;NDUFB1;MT-CYB;ATP5F1D;ATP6V0D1;ATP5PF;ATP5F1C;NDUFB2;NDUFB7;UQCRQ;MT-ND3;COX7B;ATP5PB;CYC1;NDUFS3;NDUFC2;NDUFA2;SDHB;COX7A2;NDUFB6;NDUFV1;UQCRFS1;COX15;UQCR11;ATP6AP1;ATP6V0B;UQCRC1;NDUFAB1;COX7A2L;NDUFS2;NDUFS7;MT-ND4,C2:CP:KEGG_LEGACY,14.417841376571383,KEGG_OXIDATIVE_PHOSPHORYLATION
Metabolism,REACTOME_SELENOAMINO_ACID_METABOLISM,4.424896522498079e-38,4.922697381279113e-35,1.6088795903768054,0.8316450160550866,3.174391628753432,117,RPL34;RPLP2;RPL14;RPL23A;RPL39;RPL7;RPS12;RPL11;RPL6;RPS4X;RPLP1;RPS23;EEF1E1;PAPSS1;RPL27A;RPS25;RPS20;RPL31;RPS15;RPL23;RPL19;RPS11;RPL41;RPL37;RPL4;RPS4Y1;RPL22;RPS8;RPS14;RPS27A;RPL24;RPL18A;RPS24;RPS19;RPS16;RPL3;RPL28;RPS15A;RPL38;RPS3;RPL26;RPS27;RPL12;RPL5;RPL7A;RPL37A;RPS13;RPS18;RPL18;RPL10;UBA52;RPS2;RPL10A;RPL29;RPL13A;INMT;RPS28;FAU;RPL27;RPL32;RPS29;RPS5;RPL30;RPL36;RPL22L1;RPLP0;RPL15;RPL8;RPL13;RPS21;RPL35A;RPS6;RPS27L;RPS3A;RPSA,C2:CP:REACTOME,34.30779686129817,REACTOME_SELENOAMINO_ACID_METABOLISM
Metabolism,REACTOME_RESPONSE_OF_EIF2AK4_GCN2_TO_AMINO_ACID_DEFICIENCY,9.470146405900943e-42,2.1071075753129598e-38,1.6843363428421343,0.8688089365863806,3.2524899065075785,101,RPL34;RPLP2;RPL14;RPL23A;RPL39;RPL7;RPS12;RPL11;RPL6;RPS4X;RPLP1;RPS23;RPL27A;RPS25;RPS20;RPL31;RPS15;RPL23;RPL19;RPS11;RPL41;RPL37;RPL4;RPS4Y1;RPL22;RPS8;RPS14;RPS27A;RPL24;RPL18A;RPS24;RPS19;RPS16;RPL3;RPL28;RPS15A;RPL38;RPS3;RPL26;RPS27;RPL12;RPL5;RPL7A;RPL37A;RPS13;RPS18;RPL18;RPL10;UBA52;RPS2;RPL10A;RPL29;RPL13A;RPS28;FAU;RPL27;RPL32;RPS29;RPS5;RPL30;RPL36;RPL22L1;EIF2S2;RPLP0;RPL15;RPL8;RPL13;RPS21;RPL35A;RPS6;RPS27L;RPS3A;RPSA,C2:CP:REACTOME,37.6763132915527,REACTOME_RESPONSE_OF_EIF2AK4_GCN2_TO_AMINO_ACID_DEFICIENCY
